X,Y,concentration,wind_speed,wind_dir
0.1305,0.2465,0.00206,0.04798,276.64217
2.0445,0.0725,0.00401,0.02768,299.56519
2.8855,0.0435,0.00376,0.05664,68.36765
3.0595,0.0435,0.00361,0.07048,56.2468
3.0305,0.0435,0.00364,0.06804,57.78843
3.1755,0.0435,0.00351,0.07828,52.93393
1.0005,0.2175,0.00288,0.10325,279.70226
3.0595,0.1595,0.00367,0.0546,42.88495
0.3045,0.0145,0.00186,0.17782,79.64241
0.1595,0.0145,0.00181,0.18518,69.76735
0.1305,0.1305,0.00197,0.09696,272.09223
0.2755,0.2465,0.00207,0.04789,278.93717
3.1465,0.1595,0.00362,0.05475,39.09944
4.1905,0.2465,0.00136,0.04387,184.53695
0.6235,0.0145,0.00206,0.14373,280.8643
3.2625,0.1595,0.00353,0.04802,38.22559
1.4065,0.2175,0.00292,0.0258,318.15805
0.5075,0.0145,0.00202,0.14785,278.62006
4.2485,0.2465,0.00136,0.04309,182.71366
2.4795,0.1885,0.00413,0.0249,195.70518
2.3055,0.0725,0.004,0.02605,288.83133
4.2775,0.2465,0.00136,0.04211,181.67388
3.3495,0.1595,0.00339,0.04431,46.271
1.4645,0.1015,0.00276,0.05322,21.42555
2.5375,0.1885,0.0041,0.01991,186.86449
4.4225,0.0145,0.00135,0.10592,298.53707
1.6385,0.1015,0.00287,0.10685,69.00022
2.5665,0.0725,0.00395,0.0302,275.28203
0.6525,0.0145,0.00208,0.14212,281.23956
4.5095,0.1305,0.00134,0.05275,312.43371
1.7835,0.1015,0.00381,0.02312,293.07168
3.6105,0.0435,0.00168,0.05946,300.3258
4.4805,0.2465,0.00134,0.03023,337.06521
1.7545,0.2175,0.00389,0.02219,333.23861
3.8135,0.0435,0.00149,0.05082,298.19385
1.6675,0.2175,0.00333,0.06329,274.56742
0.7395,0.1305,0.00222,0.07106,283.7253
3.7265,0.1595,0.0018,0.06313,288.83389
2.6535,0.0725,0.00392,0.03204,270.1073
3.9585,0.0435,0.00143,0.06379,297.29211
1.2035,0.1305,0.0029,0.0358,42.14664
0.1595,0.1595,0.002,0.0869,274.70615
0.9715,0.2465,0.00272,0.13468,277.95562
3.1465,0.1885,0.00364,0.05039,35.30503
1.1165,0.0145,0.00246,0.13667,50.81442
3.0885,0.1885,0.00368,0.05265,38.3913
3.9875,0.0435,0.00143,0.06715,297.9159
3.0595,0.1885,0.00369,0.05343,40.43031
4.0745,0.0435,0.00141,0.07519,299.30255
0.1305,0.2755,0.00207,0.0381,276.26878
2.1895,0.2175,0.00425,0.04202,204.2837
1.1455,0.0145,0.00247,0.14181,47.00605
0.5365,0.2755,0.00216,0.02254,298.4867
3.4365,0.1885,0.00302,0.04799,63.03447
4.3935,0.1595,0.00135,0.04924,328.40165
3.3205,0.0725,0.00338,0.06988,53.78275
3.3785,0.1885,0.00332,0.03834,47.14534
1.4355,0.2465,0.00296,0.04835,311.2517
3.4655,0.1885,0.0028,0.05589,67.30758
1.4645,0.1305,0.00279,0.03625,27.92932
1.2905,0.2465,0.00302,0.04044,342.9004
2.2475,0.2175,0.00425,0.04042,205.74732
4.3355,0.1595,0.00136,0.05129,331.49118
1.4645,0.0145,0.00253,0.13236,30.15455
2.5375,0.1015,0.00399,0.01962,304.03024
1.6965,0.0145,0.00326,0.10876,82.29605
0.8265,0.0435,0.00222,0.10459,280.59442
0.7685,0.1595,0.00226,0.05653,282.95207
0.8555,0.2755,0.00234,0.02691,82.61357
2.7985,0.1015,0.00385,0.03175,73.7398
4.7705,0.1595,4e-05,0.0,180.0
4.5965,0.1595,0.00133,0.04779,300.40659
4.7125,0.1595,0.00131,0.0753,279.90264
1.8705,0.1305,0.00403,0.02336,353.68418
4.4805,0.0435,0.00134,0.0826,305.46994
3.7555,0.1885,0.0018,0.06698,281.19083
2.8565,0.2175,0.00385,0.04003,57.14353
3.8135,0.1885,0.0016,0.03305,286.59794
3.9005,0.0725,0.00145,0.04146,305.15052
3.0015,0.2175,0.00375,0.05069,42.01746
4.0455,0.0725,0.00141,0.05853,306.54488
1.0005,0.1595,0.00274,0.10172,89.1945
0.0725,0.0725,0.0019,0.11928,82.99355
0.1305,0.0725,0.0019,0.13132,82.66284
0.0145,0.1885,0.00195,0.08439,272.3362
0.2755,0.0725,0.00194,0.14596,88.34717
1.0875,0.1595,0.00295,0.04868,86.49047
2.1895,0.1305,0.00411,0.03037,183.62458
2.0155,0.0145,0.00382,0.07585,87.96753
4.0165,0.1885,0.00139,0.03325,352.37917
0.2465,0.0725,0.00193,0.14549,86.95844
3.4075,0.2175,0.00322,0.03438,50.78328
1.5225,0.1595,0.00278,0.04254,69.02148
1.4355,0.0435,0.00268,0.10357,24.68203
1.4935,0.2755,0.00303,0.07438,301.65999
4.1615,0.1885,0.00137,0.04605,345.6288
0.4495,0.1885,0.00211,0.06231,281.75178
0.4785,0.1885,0.00212,0.05994,283.07414
1.3485,0.2755,0.00305,0.06319,330.47331
3.4075,0.1015,0.00313,0.06594,66.14426
2.3345,0.1305,0.00409,0.02591,181.3713
1.5805,0.1595,0.00282,0.07584,75.64675
1.5515,0.1595,0.00278,0.05801,73.45495
2.5375,0.1305,0.00403,0.01732,336.38009
0.7685,0.0725,0.00221,0.09633,282.46365
4.5385,0.0725,0.00134,0.06999,304.47564
2.6245,0.2465,0.0041,0.01332,326.35765
2.7115,0.2465,0.00401,0.02042,88.37224
1.7255,0.0435,0.00342,0.07717,84.78809
1.6385,0.2755,0.00342,0.05394,295.14459
2.7405,0.2465,0.00398,0.02502,78.28589
2.5955,0.2465,0.00412,0.01458,345.09643
0.7395,0.1885,0.00224,0.04644,283.7131
1.6675,0.2755,0.00358,0.04032,305.07351
4.5095,0.0725,0.00134,0.07024,307.03793
1.6675,0.0435,0.00295,0.12004,71.17714
2.7115,0.0145,0.0038,0.08017,75.89269
2.9435,0.0145,0.00369,0.08346,69.08078
4.1035,0.2175,0.00138,0.04138,358.28275
1.1165,0.1885,0.00301,0.03099,288.37648
3.1175,0.1305,0.00361,0.05845,43.34323
0.0435,0.2175,0.00203,0.06443,274.57605
1.9865,0.0435,0.00395,0.04301,278.42209
0.9715,0.0725,0.00246,0.10267,78.18664
2.8855,0.1305,0.00379,0.04018,58.85772
0.0435,0.1015,0.00193,0.09883,88.39389
1.9865,0.2755,0.0043,0.04085,198.61681
2.0155,0.2755,0.00431,0.04164,200.18884
4.1325,0.2175,0.00137,0.04285,357.07015
1.9575,0.0435,0.00394,0.04282,279.35453
1.5805,0.1885,0.00287,0.08064,86.03233
2.5375,0.1595,0.00406,0.01875,358.28836
1.2905,0.1885,0.00295,0.00622,185.06942
0.4205,0.1015,0.00205,0.10677,275.55735
0.5075,0.1015,0.00209,0.09794,279.46713
3.2625,0.1305,0.0035,0.05478,42.68456
1.5805,0.0725,0.00268,0.09622,51.37553
2.5085,0.0435,0.00393,0.04647,82.19596
0.5365,0.2175,0.00215,0.04432,288.36136
4.4225,0.1015,0.00135,0.06391,314.87321
2.3925,0.0435,0.00395,0.04432,83.9125
2.3635,0.0435,0.00395,0.04386,84.62345
3.2045,0.1305,0.00355,0.05707,41.71858
0.7975,0.2175,0.00229,0.03449,277.09411
4.7415,0.2175,0.00129,0.0822,273.76678
3.5815,0.1305,0.00189,0.05319,286.7044
2.6535,0.1595,0.004,0.01343,310.13868
4.6255,0.1015,0.00132,0.06602,294.87272
2.8275,0.2755,0.00391,0.04234,59.57699
0.9425,0.1015,0.00243,0.09392,84.33554
0.6525,0.1015,0.00216,0.09047,283.05775
0.6525,0.2175,0.00221,0.03858,288.70266
0.7685,0.2175,0.00227,0.03425,280.49635
3.5815,0.2465,0.00228,0.05274,64.86826
1.7545,0.0725,0.00362,0.04558,270.17598
3.6685,0.1305,0.00181,0.05775,295.07862
3.0305,0.5075,0.0042,0.02566,172.3847
0.2175,0.4785,0.0021,0.00097,296.82787
1.9575,0.3045,0.00434,0.03915,197.25013
0.3045,0.4785,0.0021,0.01189,97.73478
3.9585,0.3625,0.00138,0.03364,211.2237
0.3045,0.3625,0.0021,0.00737,291.23843
4.1325,0.4785,0.00135,0.04186,217.14636
0.0435,0.4785,0.00207,0.04782,272.8648
4.0745,0.3625,0.00136,0.04282,211.44796
0.0145,0.3625,0.00199,0.07272,271.6233
3.0595,0.3915,0.00397,0.03229,11.88409
0.9715,0.4495,0.00256,0.11398,89.30627
3.8425,0.3625,0.00155,0.05517,277.82316
4.1905,0.4785,0.00135,0.04159,217.44848
2.4795,0.5365,0.00454,0.02036,320.97985
0.3335,0.4785,0.0021,0.01478,96.75965
0.6235,0.4785,0.00218,0.0325,99.42174
0.3625,0.3625,0.00211,0.00501,319.21248
0.3915,0.3625,0.00212,0.0045,342.00795
2.2475,0.4205,0.00462,0.03958,218.67111
2.3925,0.3045,0.00435,0.03219,210.77146
0.3625,0.4785,0.0021,0.0176,96.88674
4.3355,0.3625,0.00134,0.03626,207.13742
0.5945,0.4785,0.00216,0.03199,98.32262
3.4655,0.5075,0.00283,0.11236,81.54538
3.2335,0.2755,0.00368,0.02888,13.98812
2.6825,0.4205,0.00417,0.04105,81.01722
1.7545,0.4495,0.00446,0.02752,359.16727
4.6545,0.4785,0.00132,0.03561,275.47847
3.6395,0.2755,0.00231,0.05669,57.96676
2.7695,0.3045,0.00399,0.03821,68.52435
3.5525,0.5075,0.00259,0.11428,81.87557
2.5665,0.4205,0.00432,0.0202,301.99035
3.7845,0.2755,0.0019,0.09629,85.24624
4.5965,0.3625,0.00133,0.02317,297.83685
3.7845,0.5075,0.00171,0.10764,270.03194
0.7395,0.4785,0.00222,0.02971,107.99591
1.6385,0.4495,0.00428,0.03084,358.81077
4.5095,0.4785,0.00134,0.0134,344.14858
3.9295,0.3915,0.0014,0.02994,206.59073
2.9435,0.4205,0.00406,0.03814,33.10259
0.0725,0.3915,0.00209,0.03791,274.15992
4.1035,0.3915,0.00135,0.04418,213.82316
2.1605,0.3335,0.00446,0.04207,210.95441
0.1015,0.3915,0.00209,0.02885,274.87083
1.2615,0.3625,0.00348,0.0879,329.30676
3.8425,0.2755,0.00158,0.03852,273.60232
1.0295,0.3625,0.00335,0.19485,279.83696
0.0145,0.5075,0.00196,0.06853,271.12035
2.8855,0.3045,0.0039,0.04784,50.56398
1.0585,0.4785,0.00301,0.0882,288.31169
2.1315,0.3335,0.00446,0.04219,209.42655
2.4505,0.3335,0.00435,0.02583,204.49168
1.3195,0.4785,0.00372,0.05119,319.5796
4.3935,0.5075,0.00135,0.02375,210.62454
1.4645,0.3625,0.00346,0.0659,326.838
2.3345,0.4495,0.00462,0.03247,215.87818
4.2195,0.3915,0.00135,0.04323,213.28943
1.3775,0.4785,0.00385,0.0341,322.24291
4.2485,0.2755,0.00135,0.04236,191.9625
4.1905,0.3915,0.00135,0.04434,213.53955
1.2905,0.4785,0.00365,0.05854,316.01747
1.5515,0.3625,0.00356,0.0541,328.48408
4.3065,0.5075,0.00135,0.03302,216.86296
1.3775,0.3625,0.00353,0.08552,338.62531
2.6825,0.4495,0.0042,0.04476,80.02836
2.8565,0.3335,0.00395,0.04859,54.09225
3.7555,0.3045,0.00213,0.10703,80.06242
4.7415,0.2755,0.00129,0.07685,272.11779
2.6535,0.3335,0.00414,0.02237,278.30031
3.8135,0.4205,0.00155,0.10555,273.35116
3.6105,0.5365,0.00239,0.11447,84.03789
4.5385,0.5075,0.00134,0.01368,315.41475
3.5525,0.3045,0.00252,0.05409,59.17248
3.5525,0.4205,0.00262,0.1109,77.15795
3.6685,0.4205,0.00227,0.11201,78.51151
2.5955,0.3335,0.00421,0.01569,314.8709
1.7545,0.4785,0.0045,0.02533,357.01336
3.8425,0.5365,0.00146,0.04075,288.78176
3.9875,0.3045,0.00138,0.03445,208.03042
3.1465,0.4495,0.00398,0.02314,158.23537
3.0595,0.4495,0.00407,0.0275,178.45803
2.0735,0.4785,0.0047,0.03986,212.50978
4.1325,0.5365,0.00135,0.03845,216.34836
1.1455,0.3915,0.00342,0.09538,308.44029
3.1465,0.3335,0.00382,0.03094,8.64339
3.9005,0.4205,0.00141,0.02472,194.025
3.0015,0.3335,0.00389,0.04338,31.97178
0.1305,0.4205,0.0021,0.02085,275.31136
0.1305,0.3045,0.00208,0.03149,275.57661
4.0455,0.3045,0.00137,0.03956,203.61694
3.3495,0.3335,0.00341,0.02325,78.25986
3.2335,0.4495,0.00384,0.01559,142.58606
2.5085,0.4785,0.00445,0.01902,320.73814
4.3355,0.4205,0.00134,0.03475,212.94922
3.3785,0.4495,0.00305,0.12688,89.44002
4.2195,0.3045,0.00135,0.04291,199.63855
4.3065,0.4205,0.00134,0.03731,214.05213
1.4645,0.5075,0.00394,0.04038,186.52665
2.5085,0.3625,0.00433,0.01852,182.90874
0.3915,0.4205,0.00212,0.01095,266.17897
1.2905,0.5075,0.00362,0.0518,310.71767
4.3645,0.3045,0.00135,0.03436,192.74587
1.5805,0.3915,0.00386,0.04273,344.84485
0.8265,0.4205,0.00227,0.01309,139.43195
1.7545,0.3915,0.00435,0.0315,182.23755
1.8415,0.3915,0.00442,0.03217,187.62642
1.8705,0.5075,0.00461,0.02721,188.00799
4.4805,0.3045,0.00134,0.02434,350.49512
3.6685,0.3335,0.00242,0.08904,63.9731
3.6975,0.4495,0.00212,0.10986,81.55201
4.5965,0.4205,0.00133,0.02183,293.14689
2.6825,0.4785,0.00423,0.04813,79.40448
3.7555,0.3335,0.00221,0.13122,80.25053
1.7835,0.3915,0.00438,0.03138,183.63555
4.4805,0.5365,0.00135,0.01264,355.73346
4.7705,0.4205,4e-05,0.0,180.0
2.0155,0.5075,0.00471,0.03641,207.65593
3.0595,0.3625,0.00392,0.03544,17.46878
1.0005,0.4205,0.00287,0.13143,275.91751
0.9715,0.5365,0.00259,0.09819,88.02145
4.1325,0.3335,0.00136,0.04386,206.93896
0.2175,0.3335,0.00209,0.01925,277.46092
4.0745,0.4495,0.00135,0.04219,216.44074
4.1325,0.4495,0.00135,0.04323,216.90436
1.9865,0.5075,0.00469,0.0344,204.01661
1.1455,0.5365,0.00318,0.0644,289.00327
0.1595,0.4495,0.0021,0.01295,276.609
1.0585,0.5365,0.00293,0.07691,283.74897
1.1745,0.5365,0.00326,0.06038,291.23577
1.3485,0.5365,0.00376,0.03868,313.32394
3.4655,0.4785,0.00288,0.10939,81.08619
0.5075,0.5655,0.00212,0.03912,100.12931
0.5365,0.4495,0.00215,0.02529,94.05818
2.5375,0.5075,0.00443,0.02587,295.08914
0.3625,0.5655,0.0021,0.02502,97.21024
3.2915,0.4785,0.00367,0.01423,62.85859
2.2475,0.5075,0.00477,0.03887,221.48543
0.3915,0.5655,0.0021,0.02843,97.96482
0.6235,0.4495,0.00218,0.02779,97.27588
4.3065,0.3335,0.00135,0.0387,203.30552
4.2775,0.3335,0.00135,0.04066,204.29585
1.4645,0.3045,0.00315,0.07561,312.47554
0.7395,0.5655,0.00221,0.03971,110.41083
0.8265,0.4495,0.00227,0.0165,132.12656
3.8135,0.3625,0.00165,0.11383,89.4715
2.7115,0.3915,0.00411,0.04169,76.50373
0.6815,0.4495,0.0022,0.02759,101.0126
0.9135,0.3335,0.00241,0.05232,271.3032
2.5665,0.3915,0.00429,0.01785,311.36705
0.8845,0.4495,0.00232,0.01476,38.5628
2.7115,0.5075,0.00425,0.05099,74.33395
4.5095,0.3335,0.00134,0.02044,344.85551
4.7125,0.3335,0.00131,0.0568,273.24977
0.9425,0.4495,0.00243,0.07365,84.31185
2.5665,0.5075,0.00439,0.03163,283.58805
0.2465,0.7105,0.0021,0.00889,228.41998
1.0585,0.7975,0.00303,0.10319,81.96177
0.2755,0.5945,0.00209,0.0129,267.33494
0.2755,0.7105,0.00209,0.01406,251.11391
3.1465,0.6235,0.00421,0.0216,136.57552
0.0145,0.7105,0.00186,0.04098,271.3982
2.8855,0.7395,0.00487,0.0217,177.04134
1.1165,0.6815,0.00298,0.08741,81.53341
0.2465,0.5945,0.0021,0.00715,254.42872
0.2175,0.5945,0.0021,0.00322,189.46232
1.2615,0.6815,0.00339,0.06398,82.474
3.9295,0.5945,0.00138,0.02481,209.03441
3.0305,0.6235,0.00442,0.02453,153.95723
0.5075,0.5945,0.00212,0.04165,100.43035
3.2625,0.6235,0.00384,0.00826,8.77782
4.3935,0.7105,0.00136,0.01105,190.16112
2.5375,0.7685,0.0048,0.05758,275.71158
0.3335,0.8265,0.0021,0.02561,258.55843
3.3495,0.6235,0.00322,0.08976,85.00206
3.2045,0.6235,0.00405,0.01642,132.95195
3.2335,0.6235,0.00396,0.01279,134.77829
1.3775,0.7975,0.00311,0.16496,73.2941
0.4205,0.7105,0.0021,0.03895,95.59934
1.3485,0.6815,0.00356,0.0568,79.30536
2.3345,0.7685,0.00506,0.02312,353.76656
1.3485,0.7975,0.0031,0.15947,73.0695
2.6245,0.7685,0.00485,0.05399,83.85435
1.8415,0.6815,0.00477,0.02286,359.07272
0.8265,0.8265,0.00235,0.02161,171.26996
4.5965,0.5945,0.00133,0.02379,279.63261
2.6535,0.7685,0.00488,0.0488,79.52819
0.7395,0.5945,0.00221,0.04202,111.29499
2.5665,0.6525,0.00457,0.05016,274.31023
4.7125,0.7105,0.00129,0.05994,89.46472
1.7835,0.6815,0.00473,0.02104,341.0312
0.9425,0.5945,0.00247,0.05782,78.95242
0.9135,0.8265,0.00256,0.02498,43.86462
2.5955,0.6525,0.00454,0.05436,89.75758
1.8125,0.7975,0.00489,0.02784,359.32088
2.8855,0.7685,0.00495,0.02191,171.44467
3.0595,0.7685,0.00462,0.02738,146.65239
2.2185,0.7975,0.00532,0.03584,217.97314
1.0585,0.8265,0.00321,0.08276,82.65515
1.2325,0.8265,0.00317,0.11041,72.55465
4.0165,0.6235,0.00136,0.02945,209.96932
3.9585,0.7395,0.00137,0.0184,195.57746
0.1595,0.7395,0.0021,0.01672,299.97022
4.1325,0.7395,0.00135,0.02297,204.51208
1.9285,0.5655,0.00471,0.02917,197.39152
3.1755,0.6525,0.00417,0.01956,133.79875
4.0455,0.6235,0.00135,0.03061,210.25105
2.9145,0.7685,0.00492,0.02354,162.65033
1.5805,0.8265,0.00426,0.04254,284.08198
2.3345,0.6815,0.00494,0.02388,193.90822
1.4065,0.8265,0.00328,0.12148,66.84971
2.2475,0.6815,0.00508,0.03552,219.9522
4.3355,0.6235,0.00135,0.02201,212.64293
4.2775,0.7395,0.00136,0.0176,208.76373
2.3635,0.5655,0.00475,0.02461,202.22943
3.2915,0.7685,0.00367,0.03362,70.88607
3.2625,0.7685,0.00388,0.01689,38.9935
0.3915,0.7395,0.00209,0.03523,92.18009
0.5075,0.7395,0.00212,0.04895,99.32376
3.2915,0.6525,0.00366,0.0246,70.85064
2.3055,0.7975,0.00516,0.02455,185.82208
2.7695,0.7975,0.00508,0.02408,45.23551
1.6675,0.8265,0.00475,0.03747,325.89002
3.7555,0.6525,0.0018,0.11065,273.62188
2.5955,0.5655,0.00442,0.04513,272.2348
2.7115,0.5655,0.00435,0.05099,73.64407
3.7555,0.7685,0.00202,0.11144,270.99751
2.6245,0.7975,0.00495,0.0525,83.31631
3.8135,0.6525,0.00161,0.09486,274.1592
0.8845,0.6235,0.00232,0.01783,179.29308
0.9425,0.6235,0.00248,0.05426,77.75407
1.7255,0.7105,0.00464,0.02331,321.88143
1.8415,0.7105,0.0048,0.02381,180.07219
3.8135,0.7685,0.00171,0.08828,275.47294
3.0595,0.6815,0.00448,0.02526,146.0394
2.1315,0.7105,0.00518,0.04616,226.96646
1.0295,0.7395,0.00285,0.09532,82.09433
0.0725,0.7685,0.00204,0.02642,279.56572
2.8855,0.5655,0.00438,0.02851,30.63978
1.2035,0.6235,0.00327,0.05129,88.83815
3.9295,0.6525,0.00138,0.02143,206.64876
1.0585,0.7395,0.00287,0.10517,80.65322
1.2035,0.7395,0.00318,0.09597,78.39268
0.0435,0.6525,0.00204,0.0412,274.17578
3.0595,0.5655,0.00427,0.02414,154.953
3.9875,0.6525,0.00136,0.0258,207.61787
3.0885,0.6815,0.00441,0.02465,143.27885
1.2905,0.6235,0.00352,0.0375,272.52208
2.2475,0.5945,0.00492,0.03759,221.99174
2.2765,0.7105,0.00509,0.0304,211.95943
3.4655,0.5655,0.00281,0.11499,84.58589
0.5075,0.7685,0.00212,0.04905,98.91312
0.4785,0.6525,0.00211,0.04336,99.61222
2.3345,0.7105,0.00498,0.02327,187.68088
3.2045,0.5655,0.00401,0.01767,132.98241
2.5085,0.7105,0.0047,0.04667,282.58606
0.3625,0.6525,0.00209,0.02883,94.13802
3.3205,0.7975,0.00346,0.05995,82.69716
3.3495,0.5655,0.00332,0.0823,84.60389
3.2915,0.7975,0.00372,0.03244,67.5065
4.7415,0.7685,0.00127,0.07775,89.45469
0.6815,0.6525,0.00218,0.04996,107.91637
2.6825,0.8265,0.00512,0.03794,72.22886
4.5675,0.7685,0.00135,0.02127,276.12603
2.7405,0.8265,0.00517,0.02636,54.24752
4.5965,0.6525,0.00134,0.02492,276.95964
0.8845,0.7685,0.00238,0.02127,17.31064
3.5525,0.7975,0.00245,0.13182,276.33251
2.7405,0.7105,0.00475,0.03611,63.94587
2.7985,0.5945,0.00444,0.03693,55.29013
3.7265,0.7975,0.00221,0.11793,89.43153
1.8995,0.6235,0.00475,0.02636,193.20318
4.7125,0.6525,0.0013,0.05924,89.63248
2.1025,0.6235,0.00497,0.04335,222.68175
0.0435,0.7975,0.00197,0.01935,275.36596
0.2755,0.6815,0.00209,0.01383,255.42097
2.9725,0.7105,0.00469,0.02501,156.40735
0.1305,0.7975,0.00209,0.0206,293.03061
4.0745,0.6815,0.00135,0.02687,206.40296
1.0875,0.7685,0.00295,0.11296,79.75549
1.2615,0.7685,0.00318,0.11159,73.79012
3.9295,0.7975,0.00139,0.01391,357.89872
2.1315,0.6235,0.00499,0.04415,224.33935
3.0885,0.7105,0.00446,0.0252,143.53474
1.1455,0.6525,0.00308,0.07155,84.06392
3.9875,0.6815,0.00136,0.02374,204.75154
3.2045,0.8265,0.00429,0.02406,156.09795
4.3645,0.5655,0.00135,0.02309,212.18951
1.4355,0.6525,0.00378,0.02115,272.73662
0.4205,0.6815,0.0021,0.03811,96.69051
4.1905,0.6815,0.00135,0.02692,212.11368
2.5085,0.7395,0.00475,0.05022,281.27637
3.4945,0.5945,0.00272,0.11708,86.13579
1.2905,0.6525,0.0035,0.04823,86.54075
1.5225,0.6525,0.00361,0.05878,89.75631
3.3785,0.7105,0.00264,0.14784,89.55432
2.3925,0.7395,0.00491,0.02526,321.97781
3.4075,0.8265,0.00279,0.11555,278.1294
0.6235,0.7975,0.00217,0.05015,106.35343
4.5095,0.7975,0.00136,0.01347,285.05743
3.5235,0.5945,0.00264,0.11773,86.21571
0.8555,0.7975,0.00236,0.02135,1.82511
4.5675,0.5655,0.00134,0.01775,290.20095
4.5675,0.7975,0.00135,0.02139,275.15077
0.9135,0.6815,0.00237,0.02237,37.07988
0.7395,0.7975,0.00223,0.03695,122.91596
0.7685,0.6815,0.00223,0.04029,119.1292
0.9135,0.7975,0.00249,0.02461,41.85396
4.7705,0.6815,4e-05,0.0,180.0
4.5385,0.7975,0.00135,0.01716,279.18787
3.5815,0.8265,0.00258,0.10727,276.04703
4.5965,0.7975,0.00134,0.0265,272.70369
0.9715,0.9135,0.0032,0.0177,51.21383
3.8715,0.9425,0.00162,0.02137,295.11408
2.1605,0.8845,0.00558,0.04167,221.99437
0.0725,1.0585,0.00194,0.03816,269.27934
1.0295,0.9135,0.00357,0.00612,68.04223
2.1315,1.0005,0.00588,0.04222,218.68312
2.0735,1.0005,0.00593,0.0503,225.49135
1.0875,1.0295,0.0044,0.02315,205.3144
0.0435,1.0585,0.00186,0.05956,91.06786
2.8855,0.8555,0.0052,0.02384,158.97975
3.0305,0.9715,0.00507,0.03182,146.70442
3.0595,0.9715,0.00498,0.03154,148.4163
3.8425,0.8265,0.00161,0.04283,286.50959
2.2475,0.8845,0.00542,0.02888,198.84904
2.3055,0.8845,0.00528,0.02572,344.53193
0.4205,1.0585,0.00218,0.01235,246.63089
1.5515,0.9135,0.00484,0.04604,333.04538
3.3205,0.8555,0.00371,0.04306,57.49105
0.3915,0.9425,0.00212,0.0274,261.22522
2.3055,1.0005,0.00547,0.03306,321.02889
3.2045,0.9715,0.00453,0.03226,160.89101
0.4205,0.9425,0.00212,0.03025,265.98185
1.5805,0.9135,0.00489,0.04544,334.9633
1.4065,0.9135,0.00438,0.0335,325.92572
3.3785,1.0875,0.00435,0.03819,171.52191
3.4945,1.0875,0.00423,0.03851,176.71042
4.7125,0.9425,0.00128,0.05859,89.34483
3.5235,1.0875,0.0042,0.03724,177.39884
4.7415,1.0585,0.00125,0.07514,89.49675
3.7265,0.9715,0.00334,0.00998,22.45199
1.8415,1.0295,0.00549,0.04951,217.35831
3.7555,0.8555,0.0024,0.06019,88.9338
1.6385,0.9135,0.00496,0.04196,339.94574
0.7685,0.9425,0.00241,0.0183,11.69677
1.8125,0.9135,0.00507,0.03615,197.71328
4.5385,0.9425,0.00136,0.01543,272.9718
4.6255,0.8265,0.00133,0.03255,270.79206
3.7555,1.0875,0.00354,0.01305,2.32746
4.6545,0.9425,0.00131,0.03724,89.32307
4.1035,0.8555,0.00136,0.01526,188.3637
3.9005,0.9715,0.00152,0.01402,299.19749
3.8715,0.9715,0.00166,0.02016,292.0494
3.0015,0.8845,0.00499,0.03051,147.06508
3.0305,1.0005,0.00513,0.03177,146.59506
3.1465,1.0005,0.00474,0.03085,155.68671
3.0885,0.8845,0.00474,0.03028,149.52294
1.0005,0.9425,0.00354,0.00781,53.90789
2.9145,0.8845,0.00523,0.02677,151.48179
3.1755,0.8845,0.00448,0.02883,155.44419
4.0165,0.9715,0.00138,0.01066,327.29384
0.1305,0.9715,0.00209,0.01161,312.27701
1.2325,0.9425,0.00431,0.02945,191.77543
1.3775,1.0585,0.00503,0.04325,358.56923
4.2485,0.8555,0.00137,0.01121,197.70768
1.5225,0.9425,0.00492,0.04561,338.42951
4.1615,1.0875,0.0014,0.0038,314.03983
3.4365,0.8845,0.00341,0.05328,81.53836
0.3915,1.0875,0.00221,0.00898,211.5657
3.3785,0.8845,0.00359,0.0544,66.87055
1.3485,1.0585,0.005,0.04374,180.39297
4.3935,0.8555,0.00138,0.00647,330.06849
2.2765,0.9135,0.00539,0.0263,356.29318
4.3065,0.8555,0.00138,0.00868,189.8856
0.4785,0.9715,0.00215,0.02856,92.74921
4.4515,0.9715,0.00139,0.00708,281.8178
3.6395,0.8845,0.00312,0.03001,84.60854
1.6675,1.0585,0.00518,0.03644,191.07557
0.9425,0.8555,0.00281,0.02602,55.09456
3.6975,1.0005,0.00366,0.01529,4.80098
0.6525,0.8555,0.00219,0.04052,112.18478
4.7125,0.8555,0.00129,0.05996,89.34069
0.8555,1.0875,0.00361,0.00955,271.37963
4.7415,1.0875,0.00125,0.07432,89.42182
4.6255,0.9715,0.00133,0.02913,89.25262
4.6835,0.8555,0.0013,0.04855,89.45715
3.8135,1.0005,0.00227,0.01704,278.33458
0.6525,0.9715,0.00226,0.01774,134.61179
4.5675,0.8555,0.00135,0.02112,273.47479
2.0445,0.9425,0.00574,0.05353,228.14247
4.1035,1.0005,0.00138,0.00835,336.65731
4.0165,0.8845,0.00137,0.01355,349.53625
2.0155,0.9425,0.00569,0.05468,228.05407
3.0015,1.0295,0.0053,0.03145,145.40047
1.0585,0.9715,0.00402,0.01007,214.68436
1.2035,0.8555,0.00356,0.04673,81.12426
3.8715,0.8845,0.00155,0.02316,299.37662
4.1325,1.0005,0.00138,0.00752,340.91481
2.1315,1.0585,0.00601,0.03999,213.46356
0.2755,0.8845,0.00211,0.01438,225.22535
0.0725,1.0005,0.00196,0.022,266.14262
1.9285,0.9425,0.00545,0.05117,222.5923
1.4065,0.9715,0.00487,0.04448,347.95742
0.4205,1.0005,0.00214,0.02212,261.07855
0.4785,0.8845,0.00213,0.0407,94.72155
2.5375,0.9425,0.00539,0.05989,272.21032
2.3055,1.0585,0.0056,0.03848,312.98878
3.4945,1.0295,0.00412,0.03902,6.88826
0.5075,1.0005,0.00217,0.02235,96.78473
4.1615,0.8845,0.00137,0.01236,190.53706
2.3925,1.0585,0.0056,0.05847,289.7738
0.5945,1.0005,0.00223,0.01688,119.14693
2.3925,0.9425,0.00525,0.04684,295.42706
3.4075,0.9135,0.00372,0.0464,52.10769
0.5365,0.8845,0.00215,0.04235,100.0072
3.6685,0.9135,0.00326,0.0144,60.497
2.6245,1.0585,0.00614,0.03153,72.27194
2.8275,0.9425,0.00558,0.02111,165.18046
0.8555,0.8845,0.00252,0.02278,28.61247
1.7255,0.8555,0.00492,0.0344,343.88303
2.6825,0.9425,0.00562,0.02837,64.04004
0.6525,1.0005,0.0023,0.01263,152.92792
1.7545,1.0875,0.00543,0.04438,209.93863
0.9425,1.0005,0.00351,0.00953,59.69597
0.7395,1.0005,0.00249,0.01692,32.93869
0.7395,0.8845,0.00228,0.02396,142.3935
4.7415,1.0005,0.00126,0.07609,89.52562
3.7845,1.0295,0.00285,0.00873,60.35277
4.1035,0.9135,0.00137,0.01207,357.95798
2.1895,0.9715,0.00571,0.03435,207.91548
4.1325,0.9135,0.00137,0.01136,181.46234
1.2325,1.1165,0.00488,0.04011,188.0392
1.1745,0.8845,0.00381,0.01651,298.19498
0.0725,1.0295,0.00195,0.02996,268.10614
3.1465,0.9425,0.00465,0.03076,154.95948
3.1175,0.9425,0.00474,0.03086,152.53809
2.1315,1.0875,0.00607,0.03872,210.13396
1.0875,1.1165,0.00468,0.02985,196.38304
2.0735,1.0875,0.00616,0.04743,220.88822
1.0585,0.8845,0.0036,0.01489,270.5387
0.3045,0.9135,0.00211,0.01765,238.47967
1.3485,0.8845,0.00393,0.03128,275.96394
2.3925,0.9715,0.00532,0.05014,293.69678
0.3915,1.0295,0.00216,0.0161,247.62374
1.4935,0.8845,0.00437,0.03793,304.71235
0.5365,0.9135,0.00215,0.03829,100.20044
4.4225,1.0295,0.00139,0.00397,276.80263
4.2775,0.9135,0.00138,0.0071,185.0117
4.1615,0.9135,0.00137,0.01069,185.31579
1.3775,1.0005,0.00494,0.04521,354.23644
4.3065,0.9135,0.00138,0.00619,358.14941
0.5945,1.0295,0.00227,0.0105,131.21672
2.3925,0.8555,0.00507,0.03688,302.73336
0.3915,0.9135,0.00211,0.03029,263.34651
4.5385,1.0295,0.00137,0.01216,87.26697
1.8705,1.1165,0.00595,0.05841,224.95145
2.5955,0.9715,0.00564,0.04608,83.38242
0.8845,1.0295,0.00334,0.01414,63.54367
0.9425,0.9135,0.00302,0.02116,48.64084
0.7395,0.9135,0.00231,0.02018,154.89561
1.6095,1.1165,0.0052,0.03533,191.34492
4.7415,1.0295,0.00126,0.07557,89.50719
3.6975,1.0585,0.00387,0.01984,177.77632
1.6385,1.0005,0.0051,0.03725,356.25959
2.7695,0.8555,0.0053,0.02078,35.06655
3.6105,1.0585,0.00407,0.02998,0.32489
3.6105,0.9425,0.00356,0.01855,43.29605
1.0585,1.3775,0.0052,0.03033,182.53222
0.0725,1.2905,0.00189,0.10862,269.65186
1.1745,1.2615,0.005,0.03338,186.22645
3.8715,1.1745,0.0023,0.01076,47.71198
1.9865,1.1165,0.00624,0.0568,226.41249
2.1315,1.2325,0.00631,0.03336,185.52092
2.9435,1.3195,0.0063,0.02457,147.66832
1.1165,1.3775,0.00522,0.03002,182.78805
1.0875,1.1455,0.00473,0.03069,194.49362
2.1605,1.2325,0.00624,0.0327,351.3644
3.1465,1.3195,0.00564,0.01919,175.87609
4.1325,1.2905,0.00148,0.01005,21.91791
2.0735,1.1165,0.00623,0.04621,218.85928
2.3925,1.1165,0.00585,0.06296,287.85942
4.4225,1.2905,0.00143,0.0137,147.45825
2.4505,1.1165,0.00602,0.06519,279.80331
1.3775,1.1455,0.00504,0.03753,182.58107
2.5375,1.2325,0.00706,0.03742,83.29285
1.3775,1.2615,0.00517,0.03305,185.3828
4.3645,1.2905,0.00143,0.01242,153.97137
0.3625,1.1745,0.0024,0.01665,317.96931
3.2335,1.3195,0.00539,0.02039,3.09254
2.4795,1.2325,0.00689,0.05335,273.76122
2.4215,1.3485,0.00749,0.05815,279.67291
0.5945,1.2905,0.00372,0.02784,343.23768
4.3355,1.1745,0.00141,0.00408,151.61366
0.9135,1.1745,0.00456,0.01834,194.27119
2.7115,1.3485,0.00747,0.0226,148.49713
0.7685,1.2905,0.00478,0.02868,186.40638
1.8125,1.3775,0.00667,0.06223,226.63435
4.5965,1.1745,0.00135,0.01217,72.5926
1.8995,1.2615,0.00656,0.06011,225.62678
3.7555,1.2035,0.00386,0.01887,177.32712
2.6245,1.1165,0.00646,0.02655,66.49541
3.6105,1.2035,0.0043,0.02952,177.02904
4.7415,1.1745,0.00125,0.07294,89.183
0.6815,1.1745,0.00318,0.01766,289.512
4.6835,1.1745,0.0013,0.03771,86.79236
4.5675,1.1745,0.00137,0.008,59.90858
1.1745,1.1745,0.00488,0.03605,189.06517
4.1035,1.3195,0.00154,0.0123,21.20469
3.9875,1.2035,0.0016,0.01074,57.19748
3.8715,1.3195,0.00277,0.01283,5.95056
0.1305,1.2035,0.00214,0.02847,261.5369
2.2185,1.1455,0.00595,0.03227,340.2793
3.1755,1.1165,0.00486,0.02745,160.83899
1.1455,1.1745,0.00485,0.03484,190.26807
4.1325,1.3195,0.00151,0.01198,16.24107
1.9575,1.2615,0.00661,0.05348,221.86219
2.1605,1.1455,0.0061,0.03302,190.57489
1.0005,1.2905,0.00496,0.0305,188.74902
2.1315,1.3775,0.00649,0.0375,330.13951
0.4495,1.2035,0.00254,0.01826,307.52267
3.4365,1.3485,0.00457,0.02243,0.12772
0.6235,1.3195,0.00429,0.03372,358.45368
4.3355,1.3195,0.00145,0.01416,160.05492
4.3355,1.2035,0.00142,0.00556,152.09737
4.2195,1.3195,0.00147,0.01187,179.17948
0.5075,1.2035,0.00265,0.01896,301.25912
1.4355,1.1745,0.00509,0.03479,184.46819
0.5655,1.3195,0.00386,0.03305,348.41131
1.2905,1.1745,0.00499,0.03752,184.73955
4.4515,1.3195,0.00143,0.01745,144.75242
0.5365,1.2035,0.00272,0.01963,298.78521
3.3495,1.2325,0.00477,0.02645,177.72497
0.7685,1.2035,0.00409,0.01502,348.90701
1.8415,1.1745,0.0061,0.06044,225.31507
3.7845,1.3485,0.00338,0.01595,160.55399
0.9425,1.3195,0.00501,0.03102,187.44574
3.5235,1.1165,0.00425,0.03628,175.0029
2.7985,1.1455,0.00639,0.02424,149.5836
4.5385,1.3195,0.00139,0.01469,144.72991
1.8125,1.2905,0.00645,0.06363,226.22267
1.7255,1.1745,0.00568,0.04892,214.76848
1.7255,1.2905,0.00616,0.06006,222.61827
0.6815,1.3195,0.00467,0.03373,183.84233
2.7985,1.2615,0.00679,0.02695,142.96425
3.6395,1.3485,0.00378,0.02139,162.75942
0.0725,1.2325,0.00191,0.09132,269.98118
1.1745,1.2035,0.00492,0.03518,188.02186
2.9145,1.2615,0.00624,0.02749,143.56355
4.0745,1.2325,0.00148,0.00855,48.88975
3.1755,1.3775,0.00577,0.01803,3.9113
3.1175,1.2615,0.00548,0.02125,165.55834
0.2465,1.2325,0.00255,0.02206,313.01621
0.0435,1.2325,0.00181,0.11872,90.222
4.0455,1.2325,0.00151,0.00969,50.36103
3.1175,1.1455,0.00512,0.02637,156.65305
4.0455,1.3485,0.00169,0.01443,18.46006
2.9435,1.3775,0.00651,0.02256,150.61735
3.0885,1.1455,0.00522,0.02692,153.64437
2.5085,1.1745,0.00658,0.05061,270.98503
2.4215,1.2905,0.00706,0.06223,280.49919
3.3205,1.1455,0.00457,0.0305,169.97243
0.3625,1.3485,0.00322,0.03607,323.98781
3.4075,1.1455,0.00442,0.03418,171.87701
2.3345,1.2905,0.0066,0.06728,291.56578
1.3775,1.2035,0.00508,0.03463,184.23884
0.4785,1.2325,0.00274,0.02219,308.65174
4.1615,1.1165,0.0014,0.00317,293.00887
3.3785,1.2615,0.0048,0.02599,0.90378
0.3915,1.2325,0.00262,0.02297,311.43467
4.4225,1.1165,0.0014,0.00237,26.56505
2.4795,1.1745,0.00649,0.05737,275.04977
2.7695,1.1745,0.00658,0.02222,153.74627
1.6965,1.2035,0.00569,0.0482,213.6538
2.7985,1.1745,0.00649,0.02502,147.50422
4.7705,1.1165,4e-05,0.0,180.0
2.7115,1.1745,0.00673,0.01735,176.19911
2.6825,1.2905,0.00732,0.01771,167.28175
3.6395,1.3775,0.00352,0.02008,145.92211
0.9425,1.2325,0.00477,0.02608,193.11976
4.5965,1.1165,0.00135,0.01561,81.7142
1.6095,1.3195,0.00585,0.04893,213.41074
0.8265,1.3485,0.00502,0.03376,184.19565
4.7415,1.1165,0.00125,0.07385,89.36384
1.6385,1.2035,0.0055,0.04127,205.27354
0.0145,1.1455,0.00168,0.11438,90.51093
2.9725,1.1745,0.00575,0.02866,145.08988
3.9295,1.3775,0.00228,0.01073,177.00966
4.0165,1.2615,0.00161,0.01172,42.30328
2.1605,1.3195,0.0064,0.03703,331.28952
3.0305,1.1745,0.00552,0.02715,149.30765
3.9875,1.2615,0.00172,0.01225,40.33247
3.9005,1.2615,0.0023,0.01229,27.79546
3.1465,1.2905,0.00552,0.02012,172.26048
3.8425,1.2615,0.003,0.01334,8.66454
0.1305,1.3775,0.00219,0.06065,264.45578
1.0005,1.2325,0.00482,0.0285,192.46121
0.3045,1.2615,0.00272,0.02737,311.7709
3.3495,1.2905,0.00494,0.02408,2.66632
3.4945,1.2905,0.00451,0.02689,0.91614
2.3925,1.3195,0.0071,0.06535,283.68535
1.3775,1.3485,0.00537,0.03193,189.22634
0.4785,1.2615,0.0029,0.02581,313.27285
4.2195,1.3775,0.0015,0.01913,173.1834
4.2775,1.1455,0.00141,0.00172,159.2492
4.3065,1.1455,0.00141,0.00226,151.73359
2.3925,1.2035,0.00632,0.06641,285.70007
0.6235,1.1455,0.0027,0.01674,274.07586
3.4075,1.2905,0.00478,0.02551,2.38127
2.4795,1.2035,0.00668,0.05532,274.43763
1.3485,1.3485,0.00533,0.03141,187.33545
4.6545,1.2615,0.00132,0.02206,77.67122
4.5385,1.1455,0.00138,0.00651,59.45864
4.7705,1.3775,4e-05,0.0,180.0
2.8275,1.2035,0.00647,0.02732,143.6041
0.7685,1.3775,0.00499,0.03745,183.41408
4.5965,1.3775,0.00136,0.0131,160.04306
3.6975,1.1745,0.00411,0.02408,176.11785
0.8555,1.2615,0.00479,0.02626,190.55265
1.7545,1.3485,0.00644,0.06408,226.07496
2.6245,1.2035,0.00696,0.01992,52.4051
3.8135,1.2905,0.00336,0.01548,178.22281
3.5815,1.1745,0.00429,0.03164,175.70407
2.7985,1.2035,0.00659,0.02575,145.69892
1.2615,1.4935,0.00556,0.02253,181.78038
4.0165,1.6385,0.00132,0.1187,102.3466
2.2185,1.5805,0.00759,0.08246,297.47862
0.0725,1.6385,0.00166,0.20264,268.38531
1.1455,1.6095,0.00575,0.01312,339.34176
3.1465,1.5515,0.00588,0.01308,5.26584
0.0145,1.6385,0.0015,0.24041,269.46614
3.9295,1.6385,0.00138,0.11354,98.1979
1.9575,1.4645,0.00678,0.03449,205.19051
2.9435,1.4355,0.00673,0.02094,153.44719
1.0295,1.6095,0.00561,0.01781,333.63634
1.1745,1.4935,0.00552,0.02306,355.84712
3.9005,1.5225,0.00188,0.06313,96.69499
0.6235,1.4065,0.00432,0.04699,200.3206
2.3925,1.4645,0.0083,0.05676,282.08207
1.5225,1.4935,0.00596,0.0356,217.23688
0.3915,1.6385,0.00211,0.10627,245.62476
0.4785,1.6385,0.00194,0.12064,237.67997
2.3635,1.5805,0.00909,0.05932,284.42745
4.1615,1.5225,0.0015,0.06897,121.25866
3.3205,1.5515,0.00383,0.01585,108.35491
4.1615,1.4065,0.00156,0.02097,170.52869
0.4495,1.6385,0.002,0.11868,240.97072
4.4515,1.6385,0.00135,0.09039,109.73399
0.5075,1.4065,0.00382,0.04431,190.1915
1.4645,1.4935,0.00582,0.02872,208.94802
0.8265,1.6385,0.00255,0.05938,251.66574
0.8265,1.5225,0.00391,0.04376,232.15602
2.6245,1.4645,0.00829,0.01694,159.61813
4.5385,1.5225,0.00138,0.04267,124.42001
2.7115,1.4645,0.00789,0.0255,140.36126
4.7705,1.4065,4e-05,0.0,180.0
4.7705,1.6385,4e-05,0.0,180.0
4.6545,1.6385,0.00127,0.01716,47.57362
2.5665,1.4645,0.00848,0.01315,28.47485
0.7105,1.4065,0.00463,0.04258,195.85113
0.8845,1.4065,0.0052,0.03371,359.01429
2.6535,1.4645,0.00817,0.02017,149.58199
1.7835,1.6095,0.00682,0.05937,232.03953
0.2465,1.4355,0.00299,0.02688,330.36353
1.1165,1.5225,0.00559,0.02162,348.7992
2.1025,1.6095,0.00678,0.05428,310.65968
1.2615,1.4065,0.00537,0.02874,184.60969
3.9005,1.5515,0.00174,0.08129,96.2787
0.2175,1.4355,0.00284,0.02049,339.37197
1.0585,1.6385,0.00571,0.01462,329.36556
0.2465,1.6675,0.00215,0.05723,249.53535
4.0455,1.4355,0.00175,0.0191,153.90458
2.0735,1.4935,0.0066,0.03638,328.17994
0.3045,1.5515,0.0027,0.02909,210.94687
2.8855,1.4645,0.00703,0.02364,146.14187
1.2325,1.5225,0.0056,0.0198,356.52477
2.4505,1.4935,0.00874,0.0364,272.50323
4.3355,1.4355,0.00147,0.03968,141.30186
2.3635,1.4935,0.00838,0.06384,285.03549
1.2905,1.5225,0.00563,0.0192,181.93997
2.5375,1.6095,0.00927,0.01114,26.38104
1.4645,1.6385,0.0059,0.00697,224.41893
0.3335,1.6675,0.00212,0.08677,249.30098
1.5225,1.4065,0.00581,0.04148,211.19119
0.4205,1.6675,0.00197,0.11022,245.13918
0.4785,1.5515,0.00237,0.10684,242.37009
1.4065,1.5225,0.00575,0.02069,199.36323
3.4945,1.5805,0.00248,0.06539,266.9582
1.5225,1.6385,0.006,0.01444,229.43744
1.8415,1.4065,0.00678,0.05851,225.83092
4.5095,1.4355,0.00141,0.03617,129.7062
1.6965,1.6385,0.00656,0.05339,233.24599
0.8845,1.4355,0.00519,0.03319,356.95999
0.7105,1.5515,0.00245,0.09227,239.71674
1.7255,1.5225,0.00663,0.06146,230.58596
1.6675,1.4065,0.00629,0.06033,224.55679
1.6965,1.4065,0.00639,0.06235,225.94217
1.8705,1.5225,0.00689,0.04739,223.38393
1.7835,1.4065,0.00666,0.06351,227.52059
1.6095,1.6385,0.00625,0.03428,231.6691
0.7105,1.6675,0.00167,0.06423,357.29618
4.5385,1.5515,0.00137,0.04727,121.54794
1.2325,1.6675,0.00581,0.00528,340.87891
1.0005,1.6675,0.00507,0.01289,191.86805
2.1895,1.4065,0.00664,0.05371,309.72772
0.9715,1.5515,0.00544,0.02355,344.205
1.9865,1.6385,0.00677,0.02818,357.45745
3.0885,1.4935,0.00638,0.01535,2.35176
3.0015,1.4935,0.00675,0.01697,167.57741
1.1165,1.6675,0.00577,0.00964,330.4026
2.1025,1.4065,0.00654,0.03534,334.58057
0.0725,1.5805,0.00172,0.18859,268.69045
3.0305,1.4935,0.00664,0.01617,173.32328
1.2325,1.4355,0.00541,0.02708,182.47668
3.0885,1.6095,0.00625,0.01237,4.26376
1.4935,1.6675,0.00594,0.0082,236.23245
3.2335,1.6095,0.00439,0.01131,122.87522
2.5085,1.6385,0.0095,0.01373,58.22024
0.4785,1.4645,0.00321,0.05132,221.0578
0.4495,1.4645,0.00321,0.04502,212.72987
1.4065,1.5515,0.00579,0.01654,199.16905
2.3925,1.4065,0.0078,0.06129,282.56227
4.2775,1.5805,0.00139,0.105,113.53533
2.5085,1.5225,0.00893,0.01816,69.359
0.3915,1.5805,0.0024,0.08316,242.55369
1.5515,1.4355,0.00595,0.04445,216.90599
3.3205,1.4935,0.00435,0.01234,148.98848
2.2765,1.5225,0.00787,0.07946,293.20617
1.8415,1.4355,0.00681,0.05695,225.88928
0.9135,1.4645,0.00533,0.03175,351.76015
4.6255,1.4645,0.00133,0.01371,177.40882
1.6965,1.4355,0.00644,0.06211,227.10082
0.7685,1.4645,0.00428,0.04212,209.46817
2.7695,1.6385,0.00801,0.02546,135.68414
2.6825,1.5225,0.00823,0.02417,140.05178
1.8125,1.6675,0.00686,0.0553,230.71715
2.6245,1.4065,0.00803,0.0155,172.51282
1.8705,1.6675,0.00692,0.04654,224.79108
1.6675,1.5515,0.00646,0.0552,230.6383
0.7685,1.5805,0.00255,0.07194,241.27958
0.8265,1.5805,0.00321,0.0545,245.92757
0.2175,1.6095,0.00231,0.02965,239.40414
3.9875,1.6095,0.00143,0.10918,101.53945
2.1025,1.5515,0.00672,0.04972,313.36994
0.9715,1.5805,0.00532,0.02061,347.30538
1.2615,1.4645,0.0055,0.02553,183.7275
1.1745,1.5805,0.0057,0.01497,345.611
2.1315,1.4355,0.00659,0.0437,319.67742
0.1595,1.4935,0.00229,0.04566,257.88771
3.1755,1.5225,0.00568,0.01355,5.58862
1.9575,1.5515,0.0068,0.02966,197.64678
1.0295,1.5805,0.00561,0.02,337.13994
4.1325,1.6095,0.00136,0.11846,107.41317
2.0735,1.6675,0.00673,0.04571,316.96821
2.3055,1.4355,0.00746,0.07444,291.81284
0.3335,1.6095,0.00235,0.06725,241.88792
2.2765,1.5515,0.00809,0.08015,292.83816
3.4655,1.5225,0.00295,0.03895,91.20636
2.5375,1.5515,0.00901,0.01222,37.01989
1.4645,1.5805,0.00589,0.01526,212.82549
3.4945,1.6385,0.00224,0.08516,266.73508
0.4785,1.4935,0.00291,0.06901,232.83286
3.4655,1.4065,0.00399,0.01779,155.13488
1.4645,1.4645,0.00578,0.03286,208.26533
4.1615,1.6095,0.00135,0.12038,108.22122
1.3485,1.5805,0.00576,0.01159,186.54226
3.2045,1.4065,0.00569,0.01755,6.54204
2.8565,1.4355,0.00707,0.02579,142.61022
0.6815,1.6095,0.00194,0.09173,219.31534
1.8705,1.5805,0.00691,0.04587,223.8341
2.5665,1.5515,0.0089,0.01222,3.56464
4.6545,1.6095,0.00128,0.01693,46.05294
4.7415,1.4935,0.00123,0.07301,86.73354
4.4805,1.4935,0.00141,0.05159,124.71271
3.7845,1.4065,0.00296,0.01888,119.44372
3.6395,1.6385,0.00181,0.11534,268.65369
1.7255,1.4645,0.00658,0.06316,228.70997
3.7555,1.5225,0.00214,0.07261,90.1736
1.6965,1.4645,0.00649,0.06181,228.09547
3.5525,1.5225,0.00257,0.05666,268.81683
1.0585,1.7255,0.00552,0.00855,327.85257
2.9725,1.6675,0.00709,0.01366,168.68184
3.1175,1.6675,0.00557,0.00921,167.71408
0.2175,1.7545,0.00186,0.09927,260.83563
2.1895,1.9285,0.00673,0.04132,319.49496
0.0435,1.7545,0.0015,0.24552,268.29151
4.1035,1.7545,0.00105,0.12063,98.17847
2.2185,1.9285,0.00692,0.04728,307.91219
3.1465,1.7835,0.00451,0.01555,100.44987
0.3045,1.8705,0.00168,0.11036,95.45953
2.1895,1.8125,0.00729,0.06782,301.44478
0.1305,1.8705,0.00149,0.20493,267.02939
2.1315,1.8125,0.00687,0.05142,314.17265
4.2195,1.8705,0.00101,0.15863,268.70683
2.3055,1.8125,0.00899,0.07538,286.76185
3.2915,1.8995,0.00268,0.08292,267.19349
1.2905,1.7255,0.00584,0.00041,353.04704
4.2485,1.7545,0.00116,0.15806,97.24731
2.3925,1.8125,0.0099,0.05141,276.75867
2.5375,1.8125,0.00976,0.01206,31.09409
2.4505,1.9285,0.00996,0.04019,84.04398
3.2335,1.6675,0.00402,0.01815,99.99701
3.4655,1.7835,0.00195,0.11927,268.54425
3.2915,1.7835,0.00292,0.05744,267.0559
2.3345,1.9285,0.00858,0.06574,282.30476
0.5655,1.7545,0.00153,0.02995,184.42365
4.6545,1.8705,0.00119,0.01935,64.86506
1.6095,1.8415,0.00626,0.02481,219.22604
3.6975,1.6675,0.00159,0.11991,269.97133
2.8275,1.6965,0.00779,0.02116,139.71593
1.6385,1.7255,0.00633,0.0358,232.30749
2.7695,1.9285,0.0079,0.01939,130.46024
4.7705,1.7545,4e-05,0.0,180.0
3.7555,1.6675,0.00149,0.11698,91.20502
1.8995,1.8415,0.0069,0.05446,225.63973
2.5665,1.8125,0.00955,0.01205,177.14709
3.8135,1.6675,0.0014,0.11064,92.89602
4.7415,1.7545,0.00118,0.08168,87.01044
4.4805,1.7545,0.00129,0.08793,102.9868
3.1755,1.8125,0.00402,0.02578,91.28933
4.0455,1.7835,0.00094,0.07516,98.2929
3.9295,1.6675,0.00128,0.10664,98.09135
3.9585,1.7835,0.0009,0.02702,101.70083
1.0585,1.7545,0.00539,0.0071,338.24358
3.9295,1.7835,0.00092,0.0219,99.88823
1.0295,1.8705,0.00432,0.02369,230.58465
0.0435,1.8995,0.00136,0.2647,268.57126
3.8425,1.6675,0.00136,0.1086,94.03412
1.0005,1.7545,0.00449,0.02036,235.10019
0.0145,1.7835,0.0014,0.25889,268.99297
0.3045,1.8995,0.00162,0.12073,98.71874
0.2175,1.7835,0.00179,0.112,262.5869
2.2475,1.8415,0.00784,0.07297,293.88835
2.3635,1.8415,0.00964,0.06264,279.52848
4.2775,1.8995,0.00106,0.16685,268.58507
2.5085,1.7255,0.00978,0.01395,57.23269
4.2485,1.8995,0.00102,0.16802,267.69753
1.4935,1.8705,0.00609,0.01309,186.09375
3.3205,1.6965,0.003,0.04625,267.2242
1.4355,1.8705,0.00604,0.01106,354.9181
1.4645,1.8705,0.00606,0.01176,359.12309
4.2775,1.7835,0.00115,0.15986,95.45239
4.1615,1.8995,0.00091,0.1359,265.02734
0.3625,1.8995,0.00161,0.10006,108.9963
2.3055,1.8415,0.0088,0.07409,286.42445
3.7555,1.6965,0.00139,0.11514,91.39839
4.6545,1.6675,0.00126,0.01734,49.86451
3.7845,1.6965,0.00134,0.11048,92.12167
3.7265,1.8125,0.00115,0.05417,90.16923
4.6545,1.7835,0.00122,0.01849,59.3444
4.7705,1.7835,4e-05,0.0,180.0
2.5665,1.8415,0.00956,0.01203,0.66675
3.5235,1.9285,0.00144,0.1353,91.07142
4.5385,1.8995,0.00122,0.05666,100.48485
2.7115,1.7255,0.00844,0.02486,131.8039
4.6545,1.8995,0.00118,0.01947,66.25266
3.5815,1.8125,0.00149,0.12822,90.27258
1.8705,1.7545,0.00691,0.05053,226.1626
2.0155,1.8705,0.00685,0.04145,204.25863
0.1305,1.6965,0.00176,0.14818,265.84744
1.2325,1.8995,0.00589,0.01152,345.26403
4.0165,1.9285,0.00056,0.19486,274.61249
2.1025,1.8705,0.00675,0.03718,342.51543
2.9435,1.7255,0.00724,0.01302,163.8067
3.9585,1.6965,0.00117,0.10114,99.53869
0.2465,1.8125,0.00177,0.11535,264.51281
0.1885,1.6965,0.00194,0.08734,260.63689
0.2465,1.6965,0.00205,0.06996,253.79024
1.2035,1.7835,0.00586,0.00192,335.03721
2.1315,1.7545,0.00695,0.06071,307.87416
1.9575,1.7545,0.00688,0.03633,205.69048
1.3195,1.8995,0.00595,0.01321,347.62648
0.5365,1.9285,0.00142,0.07043,158.14421
2.2765,1.7545,0.00876,0.07967,290.60739
4.4515,1.8125,0.00125,0.10625,98.20332
1.5515,1.8995,0.00616,0.01956,194.74654
1.2905,1.7835,0.00588,0.0007,184.08562
4.3065,1.6965,0.00127,0.14446,102.01387
3.4365,1.8415,0.00193,0.12439,268.80229
4.3935,1.9285,0.00116,0.13765,90.72011
4.3355,1.6965,0.00128,0.13843,102.33846
4.4515,1.9285,0.00119,0.10769,93.22056
1.4065,1.8995,0.00601,0.01469,350.71719
1.4645,1.7835,0.00598,0.00301,226.88228
4.6545,1.6965,0.00125,0.01754,52.13074
4.4805,1.8125,0.00126,0.09025,99.67627
3.7845,1.8415,0.00095,0.03007,275.72576
0.8845,1.6965,0.0029,0.05366,260.27964
2.8565,1.8705,0.00752,0.01383,143.26271
0.7975,1.8125,0.00144,0.16854,286.41889
4.7415,1.8125,0.00116,0.08322,87.15547
2.6245,1.8705,0.0091,0.01768,142.09943
0.7975,1.6965,0.0019,0.03112,357.97431
0.8845,1.8125,0.00238,0.02595,195.14474
4.6255,1.8125,0.00123,0.01086,167.55134
4.5675,1.8125,0.00125,0.04067,109.0008
1.6965,1.8995,0.00642,0.04081,224.06667
4.0165,1.8415,0.00077,0.01839,278.79118
4.0165,1.7255,0.00108,0.09807,100.85618
3.0305,1.7545,0.00632,0.00905,174.48465
0.2175,1.9575,0.00146,0.17907,94.29466
0.1885,1.7255,0.00187,0.10084,261.47457
2.9145,1.8705,0.00714,0.01006,158.43116
3.1465,1.8705,0.00422,0.02574,90.46744
0.1305,1.8415,0.00154,0.19576,266.39172
1.9575,1.8995,0.00688,0.05312,221.44365
1.0585,1.9285,0.00472,0.01594,209.34796
1.1455,1.9285,0.00577,0.01268,339.83541
2.1315,1.8995,0.00671,0.03763,338.50114
2.1025,1.7835,0.00682,0.04766,317.51688
1.4935,1.9285,0.00609,0.02017,358.72129
0.5945,1.9575,0.00126,0.04932,10.75169
2.4795,1.7835,0.01002,0.02239,77.04374
1.5225,1.6965,0.006,0.00996,240.31936
2.4505,1.7835,0.01011,0.03087,86.60194
0.3915,1.7255,0.00187,0.10152,251.41156
0.6235,1.7255,0.00145,0.06074,337.26839
1.5515,1.8125,0.00614,0.01413,215.61308
3.4945,1.8705,0.00164,0.13692,269.96652
2.4215,1.7835,0.01009,0.04031,272.9859
0.4495,1.9575,0.00147,0.10313,135.2082
1.4355,1.6965,0.00587,0.0027,95.94247
3.3205,1.8705,0.0025,0.08878,267.36608
4.6835,1.8415,0.00119,0.03698,78.78731
0.7975,1.8415,0.00136,0.21548,285.63385
0.9135,1.7255,0.00317,0.04466,256.6919
4.6255,1.8415,0.00122,0.01011,169.40123
2.6825,1.7835,0.00867,0.02314,131.79394
0.9425,1.8415,0.00311,0.03861,227.08848
0.6525,1.7255,0.00139,0.07607,322.58479
0.7685,1.9575,0.0007,0.55905,283.79339
3.6685,1.8705,0.00117,0.05746,90.70793
3.7845,1.7545,0.00118,0.07434,91.61104
0.6815,1.7255,0.00137,0.09065,313.36393
2.6535,1.8995,0.00883,0.01976,135.77921
2.7405,1.8995,0.00814,0.0213,129.39918
2.1605,2.1605,0.00618,0.0385,348.12974
4.1325,1.9865,0.00078,0.09523,257.18667
3.0885,2.1315,0.00419,0.02431,266.69859
3.9875,2.1025,0.00027,0.46858,271.34027
0.3045,1.9865,0.00145,0.1536,106.91433
0.1885,1.9865,0.00138,0.20496,93.65899
4.1325,2.1025,0.00072,0.09072,254.56209
4.1035,2.1025,0.00066,0.04562,241.68223
2.9435,2.0155,0.00642,0.00648,160.89365
0.2175,2.1025,0.00127,0.21306,98.55643
1.2035,2.0735,0.00526,0.02451,343.7239
2.1315,2.0445,0.00652,0.03964,196.2631
3.0015,2.0155,0.00576,0.00611,126.81361
0.6235,2.1025,0.001,0.07685,67.35548
1.4935,2.0735,0.00552,0.03089,356.25009
1.4935,2.1895,0.00486,0.0273,185.71895
4.3355,1.9865,0.00108,0.16057,266.98346
3.3495,2.0155,0.00214,0.1264,268.39514
1.2905,2.1895,0.00468,0.02145,340.83854
0.5075,1.9865,0.00138,0.1041,143.80712
1.4065,1.9575,0.00595,0.02276,350.08243
1.5515,2.1895,0.00495,0.03183,198.42356
1.2905,1.9575,0.00586,0.02047,348.01474
2.2765,2.0445,0.00686,0.04874,298.58419
2.3345,2.1605,0.00759,0.06572,284.64948
1.5515,1.9575,0.00609,0.02441,186.68241
0.7685,1.9865,0.00053,0.6331,283.81258
2.7115,2.1605,0.00744,0.01916,131.23374
0.6525,2.1025,0.00084,0.18318,272.76291
2.5955,2.1605,0.0084,0.01198,176.26549
0.8555,2.1025,0.00078,0.54263,284.27927
3.5815,2.1315,0.00107,0.08894,93.3971
1.6965,2.1895,0.00537,0.05072,222.97882
3.6105,2.1315,0.00101,0.0515,94.08641
1.6965,2.0735,0.00594,0.04068,215.99941
2.8275,2.1605,0.00655,0.01309,140.26726
3.6975,2.1315,0.00079,0.15189,273.15137
0.9135,2.1025,0.00146,0.30453,285.20677
0.9425,2.2185,0.00209,0.12861,290.91948
2.9435,2.1605,0.00554,0.00533,158.05875
1.2615,2.2185,0.00454,0.01891,337.46169
3.0595,2.0445,0.00496,0.01551,92.58746
4.0745,2.1315,0.00059,0.03767,296.89152
3.9585,2.0155,0.0002,0.59387,271.02176
1.0005,2.2185,0.00287,0.03571,305.44815
4.1325,2.0155,0.00076,0.09105,256.40636
1.0295,2.2185,0.00334,0.01453,191.91302
2.1605,2.1895,0.00613,0.04071,340.31872
0.1595,2.0155,0.00132,0.22757,92.86127
4.0455,2.0155,0.00051,0.19767,273.0623
2.9145,2.0445,0.00655,0.00762,158.18462
1.1455,2.2185,0.00448,0.01526,321.30501
4.1905,2.1315,0.00081,0.15168,260.72397
1.4065,2.2185,0.00463,0.02167,352.49448
3.2625,2.1605,0.00255,0.09553,266.54937
0.5365,2.0155,0.00132,0.10407,145.51898
3.2335,2.0445,0.00319,0.07772,266.32618
0.5655,2.1315,0.00119,0.08614,152.25695
2.5375,2.0735,0.00928,0.01823,52.53297
1.4935,1.9865,0.00595,0.02658,355.51202
4.2485,2.0155,0.00095,0.1729,263.43439
0.5945,2.0155,0.0012,0.05768,172.94891
1.3485,1.9865,0.00583,0.02571,348.76436
1.3195,2.2185,0.00456,0.01978,342.58203
0.5365,2.1315,0.00123,0.11091,143.72728
2.6245,2.0735,0.00862,0.01507,151.49577
0.7975,2.1315,0.00045,0.67138,283.93917
1.6965,2.2185,0.00527,0.05313,224.21455
2.7405,2.0735,0.00764,0.01924,130.04576
2.6245,1.9575,0.00898,0.01645,146.37754
4.6835,2.0155,0.00114,0.03775,80.90193
3.6685,2.1605,0.00086,0.05021,275.69242
2.5665,1.9575,0.00945,0.01296,17.33029
4.5095,2.0155,0.00117,0.07418,94.58532
4.6545,2.1315,0.00112,0.01797,68.31699
2.7695,1.9575,0.00782,0.01903,130.46088
1.8995,2.1025,0.00639,0.06521,230.76933
1.6095,2.2185,0.00496,0.03997,213.6026
0.1015,2.0445,0.00125,0.26121,91.3184
1.1165,2.0155,0.00533,0.0171,343.41949
3.1175,2.0735,0.00419,0.03223,266.33494
3.1755,2.0735,0.00365,0.05389,265.66897
3.1175,1.9575,0.00444,0.02585,268.8919
2.9145,1.9575,0.0069,0.00848,158.27385
1.1455,2.1315,0.00485,0.0181,332.45817
3.9585,2.0445,0.00018,0.60071,271.01489
1.1455,2.0155,0.00548,0.01959,343.02627
4.1325,2.0445,0.00074,0.09178,255.24754
1.9865,1.9865,0.00679,0.05838,224.3338
3.8715,2.0445,7e-05,0.69959,270.30057
0.0435,2.0445,0.00123,0.2836,90.27678
0.3625,2.0445,0.00136,0.15869,117.9716
2.5085,2.2185,0.00848,0.02322,72.58711
3.3495,2.0735,0.00208,0.132,268.46322
0.3335,2.0445,0.00136,0.16619,113.31629
1.3485,2.1315,0.00504,0.02741,346.349
0.5365,2.1605,0.00123,0.10235,146.22609
3.2045,2.0735,0.0034,0.06653,265.94015
2.2765,1.9865,0.00714,0.05204,295.82643
2.3635,1.9865,0.00868,0.06452,277.68678
2.3055,2.1025,0.00704,0.05832,290.45485
0.4785,2.1605,0.00126,0.12389,138.01966
2.4795,2.2185,0.00855,0.03181,82.04823
0.5365,2.0445,0.00129,0.11209,143.29878
4.7705,2.0445,4e-05,0.0,180.0
3.6975,2.1895,0.00076,0.1334,275.09216
0.6525,2.0445,0.00087,0.18797,273.51359
4.5965,2.1605,0.00112,0.02503,107.21885
4.6255,2.0445,0.00115,0.00716,170.27467
0.7395,2.1605,0.00038,0.65434,282.68799
2.8565,2.2185,0.00592,0.01026,148.43275
2.8565,1.9865,0.00721,0.01187,144.11454
3.6105,2.1895,0.00098,0.06271,92.12921
1.7255,2.0155,0.00624,0.04234,220.94915
1.6385,2.1315,0.00545,0.03867,209.56843
3.7555,1.9575,0.00071,0.2836,272.62935
4.7415,2.1605,0.00108,0.08515,87.50957
3.1465,1.9865,0.00406,0.03755,266.7787
4.0455,2.1895,0.0005,0.17612,272.89668
0.1595,2.1895,0.00125,0.22687,92.6224
0.2175,2.1895,0.00127,0.19654,96.4886
2.1025,2.1315,0.00636,0.04432,201.58053
1.9865,2.1315,0.00644,0.06178,225.11148
0.2755,2.0735,0.00131,0.18928,104.95618
3.1175,2.1025,0.00407,0.033,265.98613
2.9725,2.2185,0.00477,0.00408,136.6876
2.0735,2.1315,0.0064,0.04934,210.4838
1.2615,2.0445,0.00548,0.02729,346.93141
3.0885,1.9865,0.00475,0.01994,90.66085
0.0725,2.0735,0.00122,0.27614,90.93375
4.4515,2.1895,0.00109,0.11105,91.21778
3.3785,2.2185,0.00161,0.14321,268.5756
3.4365,2.1025,0.00152,0.15482,90.31456
3.2335,2.1025,0.00307,0.08097,266.2184
0.3625,2.0735,0.00132,0.16383,117.97436
4.2195,2.0735,0.00088,0.16525,261.68406
3.2915,2.2185,0.00206,0.10759,266.77113
1.4935,2.1605,0.00501,0.02886,183.0587
0.4495,2.1895,0.00127,0.11787,133.91726
2.3635,2.0155,0.0085,0.06444,277.75035
3.3205,2.2185,0.0019,0.12091,267.34063
2.3055,2.0155,0.00732,0.05817,289.03299
0.3335,2.1895,0.00129,0.14728,112.05786
1.7255,2.1605,0.00561,0.0521,224.59564
4.5095,1.9575,0.00119,0.0738,95.91839
1.8995,2.0445,0.00657,0.06389,230.90745
3.6105,2.2185,0.00097,0.07315,91.77841
0.7975,2.1895,0.00058,0.6107,284.40533
0.6525,2.1895,0.00085,0.20188,275.66569
2.5955,2.1315,0.00858,0.01231,176.6472
1.6095,2.0445,0.00585,0.03155,196.06263
3.5235,2.2185,0.00115,0.14159,91.35574
3.8135,2.2185,0.00035,0.44476,271.40689
2.8565,2.1315,0.00651,0.01087,146.13458
1.8705,2.0445,0.00651,0.06193,230.77959
1.8125,2.1605,0.00594,0.06209,229.83408
3.8425,2.3345,0.00062,0.08158,278.56515
4.0745,2.2185,0.00062,0.01411,343.02859
4.1035,2.3345,0.00074,0.10142,268.6666
2.9145,2.4795,0.00366,0.00486,160.14787
2.2185,2.3925,0.0059,0.0843,299.28037
0.2755,2.4505,0.00153,0.07137,256.01244
2.9725,2.3635,0.00366,0.00194,112.73341
0.1305,2.4505,0.00143,0.17548,265.36515
0.0725,2.3345,0.0013,0.24953,267.76528
3.1755,2.2475,0.00265,0.05365,263.82609
0.0435,2.3345,0.00128,0.26499,268.43005
4.0455,2.3345,0.00067,0.03605,265.52937
1.0875,2.3055,0.00405,0.01199,314.49297
3.2335,2.4795,0.00158,0.0625,254.13141
1.3485,2.4215,0.00385,0.0199,192.50695
1.4645,2.4215,0.00403,0.02996,210.46845
3.3495,2.4795,0.00137,0.10307,260.06609
3.3495,2.2475,0.00168,0.13181,267.74344
4.4225,2.2185,0.00106,0.12548,90.51139
4.2485,2.2185,0.00089,0.17168,264.88715
0.5655,2.4505,0.00126,0.04212,199.16616
4.3355,2.2185,0.00099,0.16023,267.44599
3.2335,2.2475,0.00228,0.07916,265.18827
3.4945,2.3635,0.00118,0.15263,268.2129
4.2485,2.4505,0.00092,0.15536,95.09993
4.4225,2.3345,0.00103,0.12155,93.56604
4.5095,2.3345,0.00107,0.07931,97.0838
3.5815,2.2475,0.00102,0.11248,91.79341
4.5675,2.4505,0.00106,0.04279,105.89757
3.6685,2.4795,0.00099,0.13248,267.15746
3.6105,2.4795,0.00105,0.14044,266.27657
2.8565,2.3925,0.0047,0.00959,149.74356
3.7265,2.4795,0.00093,0.12033,267.99504
0.7105,2.4505,0.00109,0.10272,301.85817
1.8415,2.3055,0.00563,0.06498,227.16402
2.6535,2.2765,0.00714,0.01589,140.64212
4.7705,2.2185,4e-05,0.0,180.0
1.6675,2.3055,0.0049,0.05594,225.81835
4.7125,2.3345,0.00107,0.0534,84.26058
0.0725,2.4795,0.00141,0.22697,267.38632
2.1605,2.3055,0.00588,0.05806,314.16261
1.1745,2.3345,0.00408,0.01406,325.92578
1.1165,2.3345,0.00409,0.014,311.90204
1.2325,2.4505,0.0037,0.01813,357.37591
4.0745,2.2475,0.00063,0.01885,219.25306
2.8855,2.3925,0.00442,0.00685,160.29555
1.1455,2.4505,0.00372,0.01654,340.46966
3.0885,2.3925,0.00245,0.02105,249.79127
2.0155,2.3055,0.00585,0.04241,194.65554
2.9435,2.2765,0.00462,0.00391,163.04811
0.0435,2.2475,0.00122,0.27523,269.42752
3.8425,2.4795,0.00085,0.1,91.33515
2.2765,2.4215,0.00607,0.08851,294.07751
0.4205,2.3635,0.00138,0.06705,98.93131
2.4215,2.4215,0.00667,0.04944,280.7122
0.3335,2.2475,0.00132,0.11889,108.46238
3.4945,2.3925,0.00118,0.15228,267.49705
4.1615,2.4795,0.00088,0.15002,96.57217
2.2475,2.4215,0.0059,0.09029,296.40329
4.1615,2.3635,0.00081,0.14635,90.4189
3.2335,2.3925,0.00176,0.06908,260.2486
1.5805,2.4505,0.00432,0.05281,221.72995
4.4225,2.3635,0.00103,0.11907,94.49909
4.2195,2.3635,0.00087,0.16125,90.75329
1.2905,2.4505,0.00373,0.01988,186.26698
0.7685,2.4795,0.00127,0.06621,317.19131
2.7405,2.3055,0.00627,0.01795,132.69676
0.7975,2.2475,0.00087,0.44427,284.63243
4.5095,2.2475,0.00109,0.0802,95.01461
4.4805,2.3635,0.00106,0.09234,96.57317
4.6255,2.2475,0.0011,0.01034,138.72545
2.7115,2.4215,0.00564,0.01839,134.62552
3.7555,2.3925,0.00082,0.06558,265.16308
0.8555,2.3635,0.00154,0.07574,296.22673
0.7975,2.4795,0.00139,0.04256,327.41523
4.4805,2.2475,0.00108,0.09608,93.43684
4.5675,2.2475,0.0011,0.04603,100.14787
2.7695,2.4215,0.00525,0.01703,135.21406
3.8425,2.2765,0.00048,0.25796,273.25573
1.9865,2.4505,0.00537,0.0325,185.43866
4.0745,2.2765,0.00066,0.04301,255.55342
1.2035,2.2475,0.0044,0.01619,329.10909
2.2185,2.4505,0.00554,0.08504,299.13313
0.0725,2.2765,0.00125,0.25854,268.78768
1.0295,2.2475,0.00341,0.01786,214.64239
3.1465,2.3055,0.0025,0.04061,260.86012
3.9005,2.2765,0.00043,0.29854,273.7662
0.1595,2.5085,0.00152,0.11887,263.32874
0.9715,2.3635,0.00279,0.03136,240.4432
1.9865,2.3345,0.00577,0.04308,199.95356
1.1455,2.4795,0.00364,0.01784,345.38723
1.5225,2.4795,0.00409,0.04603,216.81264
0.5365,2.5085,0.00137,0.09225,225.79493
3.2625,2.4215,0.00161,0.07836,259.99075
1.5515,2.4795,0.00418,0.05094,219.06385
1.5225,2.2475,0.00466,0.02794,199.94631
2.3345,2.4505,0.00611,0.07933,289.76653
3.4945,2.4215,0.00118,0.14891,266.59287
1.4645,2.2475,0.00457,0.0223,185.86912
1.5515,2.3635,0.00437,0.03852,218.15806
0.3335,2.5085,0.0016,0.06801,248.27838
0.5945,2.5085,0.0013,0.08129,205.04244
1.3485,2.2475,0.00445,0.01806,345.17893
1.4355,2.2475,0.00453,0.02067,359.8614
0.7395,2.5085,0.0013,0.06256,345.15295
1.8705,2.2475,0.00586,0.06503,227.57993
2.7115,2.4505,0.00544,0.01839,135.39666
3.7265,2.4215,0.00088,0.09811,267.49396
3.5525,2.3055,0.00108,0.13837,90.11594
0.9135,2.3925,0.00213,0.03551,245.70162
3.6975,2.4215,0.00091,0.10947,267.73303
1.8705,2.4795,0.00525,0.04881,218.07679
2.6825,2.4505,0.00561,0.01703,139.04832
0.8265,2.5085,0.00162,0.03598,223.91908
1.6965,2.2475,0.00517,0.05554,225.83158
1.8125,2.3635,0.00539,0.0634,226.07369
3.6685,2.4215,0.00094,0.12128,267.98713
3.9295,2.3055,0.00051,0.18342,275.28351
3.1175,2.3345,0.00254,0.03001,257.7839
1.0295,2.2765,0.00343,0.01626,212.89828
2.9145,2.4505,0.00379,0.00457,162.67591
3.8425,2.4215,0.00077,0.05706,267.64959
0.2175,2.4215,0.00147,0.10459,261.81489
1.2035,2.3925,0.00386,0.01468,341.89838
3.0305,2.4505,0.00264,0.00887,235.61124
3.8715,2.3055,0.00053,0.18299,275.0697
1.1455,2.5085,0.00358,0.01913,348.97196
1.0005,2.5085,0.00331,0.01401,357.66853
1.9575,2.4795,0.0053,0.03327,197.76501
2.8855,2.4505,0.00409,0.0071,157.47943
2.3635,2.4795,0.0059,0.07246,287.73232
4.1615,2.4215,0.00085,0.15033,93.73016
3.2045,2.3345,0.00206,0.0614,261.92929
0.4495,2.4215,0.00139,0.0672,257.06801
1.5805,2.2765,0.00469,0.03814,214.82342
1.5805,2.5085,0.00424,0.05771,219.87548
2.3925,2.4795,0.00595,0.06264,285.23426
1.3195,2.2765,0.00432,0.01635,343.99204
3.4365,2.3345,0.00131,0.15124,267.98042
4.1905,2.4215,0.00087,0.15614,93.69032
2.4505,2.2475,0.00837,0.04019,89.42977
2.2475,2.2475,0.00648,0.06811,299.38387
2.5375,2.4795,0.00593,0.01717,73.38068
2.7115,2.3635,0.00606,0.01839,133.41375
2.7115,2.4795,0.00524,0.0183,136.48356
4.5095,2.4215,0.00106,0.07394,99.81901
1.6965,2.3925,0.00487,0.06416,227.07155
1.8995,2.5085,0.00521,0.04214,213.81452
2.5955,2.3635,0.00681,0.0102,175.04973
4.7415,2.4215,0.00105,0.08125,87.27704
1.6675,2.2765,0.00497,0.05363,224.76583
1.6095,2.5085,0.00434,0.06195,221.40082
3.5235,2.4505,0.00114,0.14794,266.05814
3.5525,2.4505,0.00111,0.14689,266.44045
1.7545,2.5085,0.00486,0.06494,224.17023
1.8705,2.5085,0.00516,0.04782,218.00109
3.9005,2.5665,0.00093,0.11387,95.16937
1.2325,2.6535,0.00335,0.02629,183.13994
2.2185,2.7405,0.00419,0.03459,324.65105
1.1745,2.6535,0.00333,0.02463,359.69759
0.2465,2.6825,0.00185,0.01878,353.39708
0.2175,2.6825,0.00179,0.01741,205.99108
2.1895,2.5085,0.0051,0.07301,302.48203
1.0005,2.6535,0.00332,0.0234,346.48046
2.9725,2.7115,0.00288,0.01056,163.09281
2.9435,2.5955,0.00309,0.00536,157.64311
1.0585,2.7695,0.00319,0.02875,357.4083
3.9875,2.6825,0.00099,0.06547,103.17237
0.1015,2.5665,0.00149,0.17541,266.74824
2.5375,2.5085,0.00565,0.01914,76.58809
3.2045,2.5955,0.00158,0.03991,243.58906
2.5375,2.7405,0.00388,0.04664,270.71248
1.4645,2.5375,0.00386,0.04295,209.04165
0.3625,2.5665,0.00168,0.06195,241.10169
2.3635,2.5085,0.00557,0.07387,288.17494
1.4355,2.6535,0.00359,0.04133,199.12322
1.3775,2.7695,0.00326,0.03225,187.80597
0.5655,2.5665,0.00145,0.11449,229.66196
2.3635,2.7405,0.00393,0.06649,292.83198
4.3355,2.6825,0.00101,0.07209,109.91045
3.4365,2.7115,0.00143,0.03864,236.22768
1.4065,2.7695,0.00329,0.03348,189.42012
3.8135,2.7115,0.00107,0.0331,247.26962
0.8555,2.5665,0.00201,0.06143,251.10787
1.6675,2.6535,0.00418,0.0676,218.84512
1.7545,2.5375,0.00479,0.06469,223.59702
1.6095,2.6535,0.00401,0.06393,215.35327
3.6975,2.7115,0.0012,0.03766,229.78151
2.7405,2.6245,0.00425,0.01838,142.05118
1.8995,2.5375,0.00511,0.04176,214.51206
1.6385,2.5375,0.00439,0.06524,221.43296
2.6245,2.7405,0.00389,0.02194,65.80679
1.7255,2.5375,0.0047,0.06702,223.54298
2.8565,2.5085,0.00408,0.01111,146.12391
0.7105,2.5665,0.00144,0.08343,215.14168
2.1025,2.7695,0.00431,0.03301,198.7478
3.0015,2.6245,0.0026,0.00198,123.44899
3.1175,2.7405,0.00211,0.00475,140.3797
0.0145,2.5955,0.0014,0.23875,269.30403
1.0295,2.6825,0.00331,0.02438,350.24794
3.9585,2.7115,0.00101,0.0435,102.35879
2.0445,2.6535,0.00469,0.02791,187.3491
3.9875,2.5955,0.00094,0.11154,99.39645
0.2175,2.5955,0.00169,0.02932,240.0418
2.9435,2.6245,0.00307,0.00665,159.76663
2.1895,2.6535,0.00449,0.04328,314.21364
1.9575,2.6535,0.00475,0.03811,211.65478
2.0735,2.7695,0.00434,0.03624,206.02067
2.3345,2.7695,0.00388,0.05563,298.8135
3.4655,2.5085,0.00122,0.12761,261.86863
1.4355,2.5665,0.00375,0.04111,204.58238
0.5945,2.5955,0.0015,0.11454,232.02455
4.4225,2.5955,0.00102,0.07788,104.69114
1.4645,2.5665,0.00382,0.0449,207.60937
0.5365,2.7115,0.00197,0.06656,233.79985
2.2475,2.7695,0.00406,0.03559,322.16737
3.4365,2.6245,0.00128,0.0779,247.97871
3.2625,2.6245,0.00146,0.04719,242.82677
3.3495,2.5085,0.00135,0.09758,258.07052
3.4075,2.7405,0.00153,0.0263,241.7199
3.2915,2.5085,0.00144,0.07858,255.29355
1.7835,2.6825,0.00441,0.06508,222.05396
4.4805,2.5955,0.00104,0.06032,106.389
2.7695,2.6535,0.00402,0.01887,141.60573
3.6105,2.6245,0.00115,0.08841,253.51428
2.6535,2.6535,0.00433,0.0123,17.06506
2.8275,2.7695,0.00346,0.0212,143.22741
3.7265,2.6245,0.00106,0.08888,260.53238
0.6815,2.7115,0.002,0.08016,239.98383
2.5665,2.7695,0.00373,0.04152,86.67244
4.6835,2.5955,0.00105,0.03246,78.71776
3.5815,2.5085,0.0011,0.13811,264.52801
3.5525,2.6245,0.00119,0.08691,251.25442
0.8555,2.5955,0.00214,0.05554,246.08884
4.0745,2.5085,0.00087,0.13598,98.02344
3.1755,2.5375,0.00167,0.03938,244.76248
2.8855,2.7695,0.00328,0.02046,144.77164
1.0005,2.5955,0.00332,0.01976,346.7794
0.9715,2.5955,0.00321,0.01908,357.20657
2.9435,2.6535,0.00304,0.00847,156.76587
2.9725,2.7695,0.00291,0.01557,158.32842
3.9295,2.5085,0.00085,0.11111,95.55718
0.0145,2.7405,0.00145,0.20903,269.50934
1.2035,2.5955,0.00342,0.02401,180.93059
3.9585,2.6245,0.00096,0.09942,99.14399
3.1465,2.6535,0.0018,0.01791,238.98138
2.0155,2.6825,0.00464,0.03312,203.24402
3.2915,2.7695,0.00171,0.0104,269.77963
2.4215,2.6825,0.00417,0.06983,284.74273
0.4785,2.6245,0.00168,0.09844,242.60716
3.4945,2.6535,0.00128,0.06873,245.9224
4.4515,2.7405,0.00103,0.03942,117.15001
1.4645,2.7115,0.0035,0.04189,197.99375
3.4075,2.7695,0.00161,0.01572,251.64573
0.4495,2.7405,0.00209,0.03627,191.09615
2.3345,2.5665,0.00494,0.07983,291.35493
2.3635,2.6825,0.00418,0.07252,290.97681
4.3935,2.5085,0.00101,0.10777,99.48505
3.2335,2.7695,0.00182,0.00703,111.0141
4.2775,2.7405,0.00101,0.05565,116.47756
0.6525,2.7405,0.00219,0.06759,230.60144
4.5965,2.7405,0.00104,0.00967,169.68985
3.7555,2.6535,0.00107,0.06978,258.27458
2.5955,2.5665,0.00503,0.01249,45.71373
4.7415,2.6245,0.00103,0.07773,87.48579
1.6385,2.7115,0.00392,0.06368,214.92789
3.5525,2.5375,0.00114,0.12794,261.9573
1.6385,2.5955,0.00425,0.06638,219.41876
1.6965,2.5955,0.00444,0.06784,221.63003
2.6825,2.5665,0.00479,0.01514,150.4711
3.7845,2.5375,0.00095,0.11727,269.35505
2.8565,2.5665,0.00386,0.01284,144.31709
1.8995,2.7115,0.00451,0.05315,220.59779
4.0165,2.7695,0.00101,0.01903,120.01373
0.0725,2.5375,0.00145,0.21523,267.60874
2.1025,2.7115,0.00446,0.02868,181.51847
0.1885,2.5375,0.00158,0.07293,259.05216
3.1175,2.6825,0.00198,0.00858,245.04765
0.1015,2.7695,0.00157,0.12233,267.55439
2.1025,2.5955,0.00476,0.03351,326.7747
3.1465,2.6825,0.00185,0.01317,242.94858
3.9585,2.6535,0.00098,0.08135,99.86641
3.9295,2.5375,0.00089,0.11612,96.05085
0.3045,2.6535,0.00188,0.02247,352.78958
2.1315,2.5955,0.00473,0.03994,318.17702
0.2465,2.5375,0.00165,0.04001,244.7158
0.3335,2.7695,0.00203,0.03289,327.04916
0.5365,2.5375,0.00141,0.10824,229.92807
0.3915,2.7695,0.00208,0.03432,339.55337
0.5365,2.6535,0.00174,0.09842,240.21541
4.4515,2.5375,0.00103,0.08162,102.22958
2.3345,2.7115,0.00407,0.06483,295.36341
4.2485,2.7695,0.00101,0.04544,122.06018
0.3335,2.6535,0.00189,0.0251,188.66285
0.4205,2.6535,0.00184,0.05247,230.39714
0.5655,2.5375,0.00139,0.10437,223.88979
4.3935,2.5375,0.00101,0.10101,100.94059
3.4945,2.6825,0.00133,0.05411,240.81067
3.3785,2.6825,0.00141,0.04695,241.94474
3.7555,2.5665,0.00099,0.11458,267.27868
0.9135,2.5375,0.00243,0.04031,251.09763
0.7685,2.5375,0.00146,0.05554,208.84921
3.8135,2.6825,0.00105,0.05007,258.54867
1.6965,2.7405,0.00396,0.06605,217.94041
0.9425,2.7695,0.00319,0.02993,354.93904
0.8265,2.5375,0.00171,0.05367,241.47219
0.7105,2.6535,0.00177,0.09368,239.70438
0.8555,2.5375,0.0019,0.05217,248.72277
3.6975,2.5665,0.00103,0.11706,264.59331
3.6395,2.6825,0.00122,0.05356,240.90799
2.8275,2.7115,0.00361,0.01999,141.23279
4.6545,2.5375,0.00106,0.01521,57.78302
3.0015,2.8275,0.00281,0.01861,160.64022
1.0005,3.0015,0.0029,0.03198,188.72301
2.9145,2.8275,0.00309,0.02166,147.3665
1.9865,2.8565,0.00405,0.05735,223.40337
4.0745,2.7985,0.00101,0.0178,131.51594
3.0595,2.8275,0.00258,0.01652,172.48786
0.3045,2.9145,0.00186,0.02438,312.45704
2.2185,2.9725,0.00363,0.03541,208.08486
3.8715,3.0305,0.00105,0.01551,359.4459
2.1025,2.9725,0.00369,0.05288,224.64756
3.1465,2.9435,0.0025,0.02385,173.57226
0.1595,2.7985,0.00168,0.04536,259.58443
1.2325,2.8855,0.00312,0.03656,359.60821
0.3335,2.9145,0.00188,0.02543,313.29518
3.2915,2.8275,0.0019,0.01162,170.18911
3.2625,2.8275,0.00195,0.01214,175.22852
0.5365,2.9145,0.00205,0.02286,322.98471
3.4075,2.9435,0.00214,0.02702,3.60675
0.6235,2.7985,0.00247,0.04794,206.20692
3.2915,2.9435,0.00226,0.0261,4.39534
0.4205,2.9145,0.00191,0.02307,317.05481
4.3645,3.0305,0.00101,0.0049,27.97625
0.5945,2.9145,0.0022,0.0236,333.31554
1.5515,3.0015,0.00311,0.03592,354.95288
3.3785,2.9435,0.00217,0.02697,4.2309
4.3935,2.7985,0.00102,0.03408,124.39422
4.5965,2.7985,0.00104,0.00919,20.30798
1.7255,2.8855,0.00349,0.05402,212.92515
0.9135,2.7985,0.00314,0.03165,356.88444
1.6675,3.0015,0.00313,0.03628,187.6343
2.6245,2.9725,0.00299,0.04802,84.15525
2.5665,2.8565,0.00337,0.05176,89.67899
4.5095,2.7985,0.00103,0.02084,130.15403
2.8565,2.9725,0.00294,0.02145,154.92824
4.5095,2.9145,0.00103,0.01014,168.91171
0.9425,2.9145,0.00304,0.03304,183.07112
1.8995,3.0015,0.00339,0.05775,221.96804
3.7555,2.8275,0.00126,0.01375,194.83477
3.7845,2.8275,0.00119,0.01402,192.77709
3.9295,2.8275,0.00103,0.00577,199.97462
1.0875,3.0305,0.00288,0.0373,189.67697
3.1755,2.9725,0.00249,0.02534,173.56492
0.9715,2.9145,0.00304,0.03402,182.57733
2.9725,2.9725,0.00281,0.02574,148.21168
1.9285,3.0015,0.00343,0.06007,224.29185
2.2185,2.8855,0.00384,0.03011,189.75008
0.2755,3.0595,0.00171,0.01469,314.75173
1.0585,2.9145,0.00305,0.037,181.65737
0.1305,3.0595,0.00162,0.03085,265.42608
4.0455,2.8275,0.00101,0.00686,139.37155
2.0155,3.0015,0.00355,0.06098,227.51206
1.2035,3.0305,0.00295,0.04315,185.49258
0.5655,3.0595,0.00176,0.00623,42.72497
0.5075,3.0595,0.00172,0.00256,161.0693
2.2475,3.0015,0.00354,0.03278,204.10979
3.2915,2.9725,0.00233,0.02779,2.16536
2.4215,2.8855,0.00344,0.0607,289.87988
1.5515,2.9145,0.00318,0.03526,187.4132
4.2775,2.8275,0.00101,0.02677,134.6368
1.5805,3.0305,0.00309,0.03624,352.83577
3.2335,2.8565,0.0021,0.01735,6.98574
1.4935,2.9145,0.00316,0.0344,182.86573
3.3495,2.9725,0.00226,0.02882,3.20188
0.6235,2.9435,0.00218,0.01951,324.17557
3.2625,2.9725,0.00237,0.02716,0.94922
0.8845,2.8275,0.00311,0.03284,359.05795
1.6965,2.7985,0.00374,0.06159,215.64366
3.6975,2.8565,0.00151,0.00529,222.39744
1.6965,2.9145,0.00334,0.0464,206.42699
4.7125,2.9435,0.00102,0.05261,87.1675
4.6255,2.9435,0.00103,0.02041,75.67786
1.7545,3.0305,0.00312,0.03916,197.6159
2.8565,2.8855,0.00312,0.02238,148.3338
3.7265,2.9725,0.00153,0.00164,136.48146
1.6385,2.7985,0.0036,0.05504,210.11031
3.6685,2.8565,0.00162,0.00432,269.4695
0.7395,2.9435,0.00268,0.02224,181.44304
3.5235,2.8565,0.00186,0.01312,164.43849
3.0595,2.8855,0.00265,0.02104,166.41952
4.0455,2.8565,0.00101,0.00217,40.88777
2.8855,2.8855,0.00308,0.0235,146.41811
3.8425,2.8565,0.00109,0.01245,183.45292
3.1465,3.0015,0.00253,0.0253,166.02418
0.2465,2.9725,0.00177,0.01734,312.52263
3.1755,3.0015,0.00249,0.02562,169.72516
2.1895,3.0305,0.00352,0.04439,221.04508
2.9725,3.0015,0.00276,0.02593,147.63389
2.9725,2.8855,0.00289,0.02316,151.55345
4.1035,2.8565,0.00101,0.00637,178.02197
2.2185,3.0305,0.0035,0.03929,215.82583
4.1035,2.9725,0.00101,0.00452,333.88832
2.3055,3.0305,0.00341,0.02707,181.88377
0.5075,2.9725,0.00185,0.01387,304.42341
3.4365,3.0015,0.00221,0.03042,179.71748
3.3785,2.8855,0.00201,0.02041,2.61148
0.3625,2.9725,0.00179,0.01782,314.04516
0.5075,2.8565,0.00216,0.03126,340.04038
4.3355,2.9725,0.00101,0.00743,1.46485
3.2045,2.8855,0.00226,0.02031,4.3208
1.4935,3.0595,0.00308,0.04025,348.62307
2.3925,3.0305,0.00326,0.03672,308.29919
0.3335,2.8565,0.00197,0.03013,317.23257
2.4795,2.7985,0.00362,0.06545,279.92431
3.3205,2.8855,0.00206,0.02074,5.31199
4.7125,2.9725,0.00102,0.05307,87.46215
2.6535,2.9145,0.00316,0.03334,74.68008
2.5665,2.9145,0.00318,0.05786,271.15863
2.6535,3.0305,0.00284,0.04543,81.48108
0.7975,2.8565,0.00303,0.0337,183.81068
1.6385,2.9435,0.0032,0.03788,193.46397
2.8565,3.0305,0.00281,0.0201,161.91655
4.6255,2.9725,0.00103,0.02178,78.07612
1.6675,2.9435,0.00323,0.04021,197.85813
1.6095,3.0595,0.00307,0.03642,350.61269
2.8275,3.0305,0.00283,0.01808,174.86008
1.8415,3.0595,0.00314,0.04435,208.72079
1.6675,3.0595,0.00306,0.03526,356.53718
2.2185,2.9435,0.00371,0.03341,203.10401
3.9295,3.0015,0.00102,0.01334,185.59096
3.9005,2.8855,0.00104,0.01049,181.09226
0.3045,3.0015,0.00176,0.01664,313.70966
3.9295,2.8855,0.00103,0.00838,356.85429
4.1325,2.8855,0.00101,0.00557,174.64737
3.9005,3.0015,0.00103,0.01432,184.40484
2.0445,3.0595,0.00339,0.05978,228.26855
0.2755,3.0015,0.00176,0.01869,310.13916
1.0585,2.8565,0.00311,0.03426,359.68225
1.0295,2.8565,0.00311,0.0339,359.64507
0.0435,3.0015,0.00154,0.11922,90.2451
2.9725,2.7985,0.00292,0.01781,156.81831
3.4655,3.0305,0.00221,0.03134,176.67111
0.4495,3.0015,0.00177,0.00849,314.76147
3.2335,2.9145,0.00229,0.02394,5.92256
4.3935,3.0015,0.00102,0.00713,9.44911
1.3775,2.9725,0.00313,0.03921,355.42083
3.4365,2.9145,0.00206,0.02444,3.23705
1.4065,2.8565,0.00317,0.03334,183.90439
1.5515,2.8565,0.00328,0.03839,194.46703
1.4065,2.9725,0.00313,0.03838,354.9921
1.5805,2.9725,0.00313,0.03512,181.82762
3.2625,3.0305,0.00239,0.02776,173.56865
3.2045,2.7985,0.00198,0.00872,167.35006
2.5375,2.9435,0.00313,0.06622,275.44197
2.6825,2.9435,0.00307,0.02875,68.19119
0.8555,3.0015,0.00277,0.01952,187.41622
4.5095,3.0015,0.00102,0.00831,35.3534
4.5385,2.8855,0.00103,0.00961,173.60713
4.7705,3.0015,4e-05,0.0,180.0
3.6105,2.7985,0.00158,0.011,229.38741
2.7115,2.9435,0.00307,0.02213,54.52855
2.8565,3.0595,0.00275,0.01941,166.37909
3.6975,2.7985,0.00139,0.01511,206.53114
2.6825,2.8275,0.00347,0.0185,49.11994
2.6245,2.8275,0.00348,0.03166,76.01643
0.7105,2.8855,0.00281,0.03209,188.31445
3.5815,2.9145,0.00197,0.01857,170.17252
2.9435,3.1755,0.00253,0.02283,152.92991
1.2325,3.2335,0.00251,0.0206,205.71923
2.0735,3.0885,0.00333,0.05878,228.84892
1.0875,3.1175,0.00267,0.02627,201.55432
3.1465,3.2915,0.00228,0.02935,142.54448
0.0725,3.2625,0.00158,0.01966,265.53647
2.0445,3.3205,0.00278,0.03889,211.26193
1.1165,3.2335,0.0024,0.00893,226.72471
2.9725,3.0595,0.00268,0.02597,146.67093
4.1035,3.1465,0.00101,0.01362,198.31522
1.0005,3.1175,0.0026,0.01387,203.8115
2.9145,3.2915,0.00238,0.0185,178.60584
4.0745,3.2625,0.00101,0.02261,208.8774
3.3205,3.2915,0.00199,0.03388,8.16119
2.3635,3.2045,0.00308,0.02487,186.48776
4.3645,3.1465,0.00101,0.00342,301.36603
3.4075,3.1755,0.00212,0.03806,171.67617
1.2905,3.2335,0.00256,0.02258,196.67737
3.4655,3.0595,0.0022,0.03256,174.18259
3.3495,3.0595,0.00229,0.03073,173.34681
2.2765,3.2045,0.00312,0.03911,220.56157
3.2625,3.0595,0.00238,0.02794,169.54661
0.5075,3.1465,0.00168,0.01818,119.52599
1.4065,3.2335,0.00267,0.02699,353.53322
2.3925,3.3205,0.00291,0.02439,195.35813
1.5225,3.1175,0.00302,0.04178,345.11893
2.7985,3.0885,0.0027,0.01832,28.67786
2.7405,3.0885,0.0027,0.02773,62.57544
1.8415,3.2335,0.00286,0.03049,353.84245
3.6975,3.2915,0.00141,0.02123,75.0147
0.6525,3.1465,0.00174,0.01549,4.36751
2.6825,3.3205,0.00241,0.05914,85.52922
0.7975,3.2625,0.00178,0.02601,13.8813
4.6255,3.1465,0.00102,0.027,85.70873
0.8555,3.1465,0.00212,0.01783,53.96554
2.8275,3.2045,0.00249,0.02,36.66359
3.7555,3.2915,0.00123,0.03432,272.87241
3.6975,3.0595,0.00175,0.01075,165.07202
2.6245,3.0885,0.00274,0.05841,87.73331
0.9715,3.2625,0.00209,0.02088,43.17616
0.2465,3.2915,0.00164,0.00855,223.05771
3.9295,3.0595,0.00102,0.01607,188.87626
3.1175,3.3205,0.00228,0.02851,141.1927
1.1165,3.1465,0.00262,0.02547,205.81054
0.3045,3.1755,0.00166,0.00861,231.3194
4.1325,3.1755,0.00101,0.01403,201.18706
2.1315,3.2335,0.00301,0.05409,228.47729
1.0005,3.1465,0.00251,0.00736,208.65394
0.0725,3.1755,0.00157,0.04384,90.20911
2.1025,3.1175,0.00327,0.05747,229.20515
1.2615,3.2625,0.00245,0.00858,329.45997
3.0305,3.3205,0.00233,0.02546,145.98531
2.3925,3.2335,0.00301,0.02334,351.7484
3.4075,3.2045,0.00207,0.03877,176.99886
1.3485,3.2625,0.0025,0.01124,313.05241
0.5655,3.2915,0.00167,0.04033,117.11143
3.4075,3.3205,0.00163,0.0607,87.13854
3.2045,3.2045,0.00229,0.02999,149.65554
2.3055,3.1175,0.00326,0.02956,201.12102
0.3625,3.2915,0.00164,0.02907,95.21049
3.2625,3.2045,0.00223,0.03236,155.05049
0.4785,3.1755,0.00167,0.02379,110.93376
2.2765,3.2335,0.00307,0.04071,222.74041
4.3645,3.1755,0.00101,0.00394,320.77203
2.5375,3.2335,0.00277,0.05551,282.7695
0.6815,3.2915,0.0017,0.03236,138.72081
1.8415,3.2625,0.00283,0.02945,348.26267
3.7265,3.2045,0.00148,0.00606,35.054
3.6685,3.0885,0.0019,0.01778,166.00284
3.5235,3.0885,0.00214,0.03273,172.32786
4.7705,3.2915,4e-05,0.0,180.0
3.5235,3.2045,0.00194,0.03263,7.30576
4.5965,3.1755,0.00101,0.02196,85.45521
0.7685,3.1755,0.00185,0.02318,35.04062
2.6245,3.1175,0.0027,0.06034,88.42362
3.5525,3.2045,0.00191,0.02979,6.51434
1.6965,3.2625,0.00283,0.03651,334.9158
4.7125,3.2915,0.001,0.05546,89.05979
2.9725,3.1175,0.00259,0.02554,146.62724
0.1595,3.0885,0.00164,0.00806,233.01639
3.0015,3.2335,0.00243,0.02528,146.86307
0.0145,3.2045,0.00151,0.07321,90.90789
0.2465,3.0885,0.00169,0.01341,315.24175
0.0145,3.3205,0.00152,0.03029,90.66202
3.0305,3.2335,0.00241,0.02672,144.25794
1.0005,3.1755,0.0024,0.00074,243.43495
3.1175,3.1175,0.00246,0.02653,150.01404
1.9865,3.1465,0.00308,0.05079,220.71264
1.1455,3.2915,0.00231,0.01614,79.21902
0.2755,3.2045,0.00165,0.00797,212.49325
3.0305,3.1175,0.00254,0.02666,145.48152
2.4795,3.2625,0.00287,0.03495,300.0641
4.1615,3.0885,0.00101,0.0079,186.39626
2.2765,3.2625,0.00302,0.04191,224.22656
3.3205,3.1175,0.00227,0.03161,165.35701
4.2195,3.3205,0.00101,0.01811,209.87833
4.1905,3.3205,0.00101,0.01998,211.23921
0.3625,3.0885,0.00168,0.00562,206.88437
1.4355,3.2915,0.00246,0.02507,78.86934
2.2765,3.1465,0.00323,0.03596,215.20611
4.3355,3.3205,0.00101,0.01034,194.45298
4.3355,3.2045,0.00101,0.00552,353.44187
4.1905,3.0885,0.00101,0.00663,184.06714
0.3915,3.3205,0.00164,0.03571,99.62321
1.7835,3.1755,0.00293,0.0328,353.10033
0.8555,3.3205,0.00179,0.02733,19.29005
0.6815,3.0885,0.00186,0.01675,54.77254
3.6685,3.2335,0.00165,0.01311,7.93844
3.5815,3.1175,0.00206,0.03017,171.73026
1.7835,3.2915,0.00281,0.03085,334.97189
3.7265,3.1175,0.00156,0.00422,5.9806
4.6255,3.2045,0.00101,0.02817,87.23306
2.6825,3.2625,0.00245,0.05643,84.42682
4.7705,3.0885,4e-05,0.0,180.0
2.5665,3.2625,0.00269,0.05863,278.91928
4.5965,3.2045,0.00101,0.02257,86.79904
0.7105,3.0885,0.00192,0.01823,59.76392
0.1885,3.1175,0.00166,0.00814,332.90008
2.8855,3.2625,0.00241,0.01809,10.47764
3.1175,3.1465,0.00243,0.02719,147.40276
1.2325,3.0885,0.00287,0.04317,190.37014
1.0295,3.0885,0.00271,0.02393,198.84376
0.0435,3.1175,0.00154,0.08269,90.92852
3.0885,3.2625,0.00235,0.02846,142.39336
3.8425,3.2335,0.00105,0.02525,328.45642
0.2175,3.1175,0.00167,0.01199,315.77742
0.2755,3.1175,0.00168,0.01025,329.63086
2.9145,3.1465,0.00258,0.0216,156.82927
0.0145,3.2335,0.00151,0.06252,90.98981
3.0015,3.1465,0.00253,0.02621,145.24262
0.5945,3.3495,0.00168,0.04686,116.84393
3.2625,3.1465,0.00229,0.03023,158.35696
3.3205,3.1465,0.00224,0.03292,162.55566
4.1905,3.1175,0.00101,0.00811,189.79922
0.5365,3.1175,0.0017,0.01238,134.64007
0.3335,3.3495,0.00164,0.02834,93.58138
4.1905,3.2335,0.00101,0.01448,204.21151
0.4205,3.2335,0.00165,0.02994,101.64025
1.5225,3.3205,0.00244,0.03412,80.55424
1.5805,3.2045,0.00288,0.04181,340.01338
2.3925,3.1755,0.00308,0.02512,335.79202
1.4065,3.2045,0.00277,0.03492,357.11138
1.4065,3.3205,0.00233,0.05718,58.57566
1.7545,3.2045,0.0029,0.03332,343.36498
2.8565,3.1755,0.00254,0.01786,10.09534
1.6675,3.3205,0.00269,0.03383,331.57879
3.7265,3.1465,0.00154,0.00466,11.02032
1.6965,3.3205,0.00273,0.03371,332.91043
0.9135,3.1175,0.00242,0.00398,297.01518
1.8995,3.3205,0.00276,0.02741,351.24907
2.7985,3.2915,0.00236,0.03079,62.89405
4.7705,3.1175,4e-05,0.0,180.0
4.5965,3.2335,0.00101,0.0231,87.86605
4.7415,3.1175,0.00101,0.07329,89.0931
4.6545,3.2335,0.00101,0.03524,88.19485
4.6255,3.1175,0.00102,0.02622,84.66117
0.2175,3.4945,0.00163,0.0036,237.58983
4.1035,3.4945,0.001,0.03923,217.53297
0.3045,3.6105,0.00163,0.01971,113.78248
1.9285,3.5525,0.00255,0.02603,343.22906
2.1315,3.5525,0.00254,0.0366,205.87191
3.0305,3.4075,0.00225,0.02331,149.20911
2.1025,3.5525,0.00253,0.034,199.93271
0.2465,3.4945,0.00163,0.01022,269.88788
0.9715,3.5815,0.00186,0.10073,85.70163
3.1175,3.4075,0.00222,0.02615,138.16264
1.2325,3.4655,0.00208,0.09936,76.15817
1.9865,3.4365,0.00264,0.02667,358.49596
1.0295,3.5815,0.00191,0.10218,84.51873
3.3785,3.5235,0.00147,0.12713,87.81368
4.2485,3.4945,0.001,0.02657,216.99928
1.4935,3.3495,0.00228,0.0838,58.87444
0.3915,3.6105,0.00164,0.03224,112.33277
1.5515,3.3495,0.00238,0.05113,68.47329
0.3625,3.6105,0.00164,0.02863,112.53364
3.3495,3.4075,0.00148,0.10817,88.55917
0.5655,3.6105,0.00167,0.04359,114.14265
0.3915,3.3785,0.00164,0.03873,101.17939
1.3775,3.4655,0.00222,0.07072,71.37291
0.4205,3.3785,0.00164,0.04256,103.29833
2.2475,3.5525,0.00259,0.04432,222.05543
2.3055,3.4365,0.00276,0.04364,227.45165
3.6395,3.4075,0.00116,0.13734,274.50589
0.9135,3.6105,0.00177,0.02576,53.69953
0.9425,3.4945,0.00184,0.05144,75.3154
1.6385,3.3495,0.00258,0.02734,312.92497
2.7405,3.4365,0.00227,0.05457,80.1234
3.6975,3.4075,0.00113,0.12881,271.88633
3.7845,3.5235,0.00103,0.10779,274.59766
1.7545,3.4655,0.00258,0.01991,322.09978
0.7975,3.6105,0.00172,0.03121,130.30859
0.7395,3.6105,0.00171,0.03811,122.36396
4.5965,3.4945,0.001,0.02521,276.46819
1.6675,3.4655,0.00242,0.03056,89.79377
4.6545,3.3785,0.001,0.03684,89.96889
1.9575,3.3495,0.00273,0.02815,182.89189
0.2175,3.4075,0.00163,0.00583,211.45288
3.9585,3.4075,0.001,0.03255,194.89854
1.0005,3.4945,0.00192,0.0955,82.68447
1.9285,3.4655,0.00262,0.02493,341.55052
1.1165,3.4945,0.00197,0.11513,78.30845
1.2615,3.6105,0.00215,0.03883,280.44473
4.0165,3.5235,0.001,0.0432,203.28915
1.1745,3.4945,0.00203,0.10155,78.29063
3.1755,3.5525,0.00209,0.02116,127.2219
3.8715,3.5235,0.001,0.03706,318.96098
1.0585,3.6105,0.00194,0.08477,88.30319
2.2185,3.3495,0.00285,0.04964,228.6751
1.4355,3.6105,0.00229,0.02784,180.74085
4.4515,3.5235,0.001,0.0109,342.49553
4.1905,3.5235,0.001,0.03361,219.96708
1.5515,3.4945,0.00222,0.0931,76.8504
2.3055,3.4655,0.00272,0.04376,227.24103
1.2905,3.3785,0.00204,0.14431,68.12781
0.5365,3.5235,0.00166,0.05084,111.51891
1.3485,3.4945,0.00221,0.05575,75.34065
2.4505,3.3495,0.00284,0.02164,336.8953
2.4215,3.4655,0.00274,0.02535,206.94911
2.5085,3.4655,0.00268,0.02152,320.2217
2.2765,3.3495,0.00288,0.04549,227.93134
4.3065,3.5235,0.001,0.02254,213.12615
2.7985,3.4655,0.0022,0.04454,71.61386
3.6975,3.5525,0.00115,0.12096,274.78016
0.8555,3.5235,0.00174,0.02419,159.4301
2.8565,3.4655,0.00218,0.03156,57.73486
1.8125,3.3785,0.00271,0.02705,330.40225
0.8845,3.4075,0.00177,0.02502,17.15323
4.5965,3.5235,0.001,0.02526,277.75802
4.6255,3.4075,0.001,0.03059,271.55474
1.6965,3.6105,0.00244,0.02136,338.63698
3.6105,3.5525,0.00131,0.12543,273.51051
1.7835,3.4945,0.00259,0.0202,326.79775
1.8995,3.4945,0.0026,0.02465,335.60798
2.5665,3.3495,0.00265,0.04975,281.94916
2.9435,3.5815,0.00211,0.02551,34.15107
2.1895,3.3785,0.00278,0.04848,226.50436
2.8855,3.5815,0.00211,0.03492,55.45429
2.1315,3.4945,0.00259,0.03749,210.20363
3.0885,3.4655,0.00219,0.02426,140.72056
3.1465,3.5815,0.0021,0.02238,133.2621
2.0735,3.4945,0.00258,0.03174,196.94478
3.9875,3.5525,0.001,0.04471,194.4807
1.2035,3.4075,0.00203,0.12916,73.39466
3.0015,3.5815,0.00212,0.02137,5.15558
3.0595,3.4655,0.0022,0.0232,146.72769
3.1755,3.4655,0.00213,0.02238,131.70369
0.2755,3.4365,0.00163,0.01747,269.47527
3.4075,3.3495,0.00143,0.10816,278.72119
4.2195,3.4365,0.001,0.02547,216.05549
3.2045,3.4655,0.00209,0.01839,135.4848
0.3625,3.4365,0.00164,0.03499,101.35489
3.2625,3.3495,0.00204,0.02211,171.25778
0.6235,3.5525,0.00168,0.05031,115.10839
0.5945,3.4365,0.00168,0.05347,113.95705
0.4205,3.4365,0.00164,0.04366,104.87647
3.3495,3.4655,0.00147,0.12883,87.93158
3.3785,3.5815,0.00157,0.11103,86.89202
1.5515,3.5235,0.00223,0.07779,87.35496
2.4215,3.6105,0.0026,0.03085,218.39297
1.4645,3.5235,0.00226,0.02771,74.70499
2.5665,3.3785,0.00264,0.04605,283.33313
4.4805,3.4365,0.001,0.01049,307.67852
0.8555,3.4365,0.00175,0.02545,172.95875
2.7985,3.6105,0.00217,0.05141,74.25515
0.7685,3.5525,0.00172,0.0393,126.59872
3.6685,3.3495,0.00125,0.10002,89.62193
2.6245,3.4945,0.00249,0.04692,277.44615
1.7835,3.4075,0.00267,0.02554,328.67464
1.7835,3.5235,0.00256,0.02004,328.57043
2.6825,3.4945,0.00237,0.05664,88.58358
4.6255,3.4365,0.001,0.03072,272.2757
3.8135,3.3495,0.00106,0.07052,280.52432
0.7685,3.4365,0.00172,0.03782,135.77133
1.2325,3.4365,0.00207,0.11083,74.47783
3.1755,3.6105,0.00208,0.02152,129.192
1.9285,3.4075,0.00267,0.02535,346.19397
3.1175,3.6105,0.00209,0.02228,143.19182
1.0295,3.5525,0.0019,0.11312,82.04755
2.9435,3.3785,0.00228,0.01884,179.23975
3.0595,3.3785,0.00227,0.02549,144.19576
2.1315,3.4075,0.0027,0.04203,218.0041
2.8855,3.3785,0.00227,0.021,34.74173
0.9715,3.5525,0.00187,0.09435,85.1602
1.0585,3.4365,0.00198,0.11142,79.70067
4.0745,3.4655,0.001,0.03814,214.11086
3.1755,3.3785,0.00219,0.02639,138.94888
3.4365,3.3785,0.00128,0.14999,279.26198
2.4215,3.5235,0.00268,0.02767,213.35118
0.3335,3.4655,0.00163,0.03007,100.57752
0.5655,3.5815,0.00167,0.0468,113.45902
4.1905,3.4655,0.001,0.02996,218.39997
0.5655,3.4655,0.00167,0.05358,112.29986
4.4515,3.3495,0.00101,0.00823,310.81269
4.3935,3.5815,0.001,0.01652,196.82218
4.1905,3.3495,0.00101,0.02194,213.05999
1.5225,3.5525,0.00225,0.05074,287.75285
2.2765,3.5235,0.00264,0.04451,225.10012
0.3915,3.4655,0.00164,0.03959,104.55573
2.5375,3.5235,0.00262,0.02172,313.75018
4.4805,3.5815,0.001,0.01241,328.78279
3.5525,3.6105,0.00144,0.1181,271.69338
1.6965,3.5525,0.00244,0.0186,307.7696
3.7265,3.6105,0.00115,0.11299,274.67563
3.7555,3.6105,0.0011,0.11151,275.15024
2.7405,3.5235,0.00225,0.05484,81.50643
4.5965,3.4655,0.001,0.02511,275.48359
4.5675,3.5815,0.00099,0.02067,286.40987
1.8705,3.5525,0.00255,0.02481,336.15242
3.6685,3.6105,0.00126,0.11596,273.7628
3.7845,3.4945,0.00104,0.10559,274.36708
4.5095,3.4655,0.001,0.01281,296.86503
3.8135,3.6105,0.001,0.10176,277.33383
2.9145,3.7555,0.00208,0.04417,55.2269
0.0145,3.7265,0.00157,0.06878,270.20826
3.0885,3.6395,0.00209,0.02226,157.99786
1.2325,3.8135,0.00231,0.08589,293.05143
4.0745,3.7265,0.00099,0.04403,212.16678
1.9575,3.6685,0.00243,0.03331,180.17201
2.0735,3.7845,0.00237,0.0455,198.39911
4.0745,3.6105,0.00099,0.04589,212.44342
3.9295,3.7265,0.00101,0.04919,325.43449
1.1745,3.8135,0.0023,0.12589,286.32174
3.9005,3.8425,0.00107,0.06984,77.68922
1.2615,3.8135,0.00231,0.06849,299.08386
0.1015,3.7265,0.00162,0.03062,88.85835
3.3785,3.8715,0.00192,0.01708,33.55979
0.3915,3.8425,0.00164,0.01211,274.11932
0.6235,3.7265,0.00168,0.02298,119.96752
0.3625,3.7265,0.00164,0.01515,124.59229
4.1905,3.6105,0.00099,0.03778,220.70657
4.3065,3.7265,0.00099,0.02983,206.66812
4.2775,3.8425,0.00098,0.03378,187.75829
4.3935,3.6105,0.001,0.01766,197.29596
2.5085,3.6685,0.00254,0.0204,197.66229
2.3055,3.6685,0.00251,0.04303,219.8141
3.2915,3.6395,0.00193,0.01208,41.54293
1.4645,3.8135,0.00229,0.04275,202.08267
3.2335,3.7555,0.00202,0.02047,140.88985
0.9425,3.8425,0.00184,0.12977,280.30722
2.6245,3.7845,0.00241,0.01621,330.01836
3.5235,3.6395,0.00149,0.11305,270.53721
3.7845,3.6395,0.00107,0.10673,274.95579
3.6105,3.7555,0.00149,0.1029,271.03576
1.6675,3.8135,0.00232,0.04351,187.87311
0.7685,3.7265,0.00172,0.01794,134.11929
1.7835,3.6975,0.00242,0.03241,354.10295
0.7975,3.8425,0.00174,0.01707,83.81179
0.6525,3.8425,0.00169,0.00931,275.36157
3.8135,3.6395,0.001,0.10687,277.41893
3.5815,3.7555,0.00154,0.10392,270.51825
3.6685,3.6395,0.00128,0.11273,273.44794
0.2175,3.8715,0.00162,0.02799,271.18752
2.1895,3.6975,0.00245,0.04389,208.83653
0.2755,3.8715,0.00163,0.02589,273.07793
0.1885,3.7555,0.00163,0.01248,69.64816
3.9585,3.8715,0.00101,0.01038,310.85876
0.2755,3.7555,0.00163,0.00645,177.15534
0.0145,3.6395,0.00156,0.05682,270.36301
1.0875,3.8425,0.00224,0.09785,289.87204
0.0725,3.8715,0.00161,0.04626,272.15548
1.2615,3.7265,0.00227,0.06933,290.57055
1.9865,3.6975,0.00241,0.0367,186.61773
2.1025,3.8135,0.00236,0.04753,200.57015
0.1595,3.8715,0.00162,0.03083,270.76192
1.4645,3.7265,0.00232,0.04787,198.88162
4.2485,3.7555,0.00098,0.0347,208.61837
0.3915,3.6395,0.00164,0.02905,113.96249
3.4655,3.6685,0.00157,0.10628,88.39868
2.5375,3.6975,0.00251,0.01837,187.63174
4.4225,3.8715,0.00098,0.03028,337.43254
0.3915,3.8715,0.00164,0.02127,280.59153
4.3645,3.8715,0.00098,0.03221,348.32024
0.3625,3.6395,0.00164,0.02556,114.49961
2.4215,3.8135,0.00243,0.03674,213.61222
3.4075,3.7845,0.00159,0.1467,270.09374
0.5365,3.8715,0.00167,0.0176,288.72318
3.3495,3.6685,0.00174,0.07973,85.13609
1.6095,3.8425,0.0023,0.04318,192.04379
0.7975,3.8715,0.00174,0.025,273.99091
1.6385,3.7265,0.00238,0.03979,184.38214
0.8845,3.6395,0.00176,0.01716,24.65391
0.8265,3.8715,0.00175,0.03342,277.18455
3.6975,3.7845,0.00141,0.10262,84.64887
0.7685,3.6395,0.00172,0.03165,125.89961
2.6245,3.8135,0.00239,0.01606,341.67784
1.8415,3.8425,0.00232,0.04396,190.11367
2.5665,3.6975,0.0025,0.0165,346.40163
2.7985,3.6975,0.00218,0.05026,75.22278
3.6105,3.7845,0.00151,0.0997,270.59196
0.8845,3.7555,0.00176,0.02536,73.80939
2.0445,3.7265,0.00239,0.04075,194.14879
2.0735,3.7265,0.0024,0.04167,196.77826
4.0745,3.7845,0.00098,0.04047,209.66936
0.1885,3.7845,0.00163,0.01461,74.27012
3.0595,3.8135,0.00203,0.03574,26.45035
1.1455,3.6395,0.00206,0.06995,274.98606
1.2325,3.6395,0.00215,0.05077,281.55561
0.0725,3.6685,0.00162,0.03687,271.04134
4.1325,3.7845,0.00098,0.03975,210.106
4.1325,3.6685,0.00099,0.04331,217.8541
3.0305,3.6975,0.00206,0.02646,14.7138
0.0145,3.6685,0.00157,0.06256,270.28391
3.9295,3.7845,0.00102,0.04057,303.52948
2.2765,3.7265,0.00246,0.04439,214.74985
3.2335,3.6975,0.00202,0.01942,129.83957
0.4205,3.6685,0.00164,0.0285,115.36913
1.5515,3.6395,0.0023,0.05459,340.83479
0.5945,3.9005,0.00168,0.02751,289.69305
4.4225,3.6685,0.00099,0.01735,185.19144
0.4495,3.6685,0.00165,0.03041,114.91331
1.5515,3.8715,0.00227,0.04202,193.11012
3.2625,3.8135,0.002,0.01926,154.6326
2.4215,3.8425,0.00241,0.03762,211.57757
4.2775,3.6685,0.00099,0.03134,214.82579
3.3785,3.6975,0.00164,0.11547,88.22822
0.4495,3.7845,0.00165,0.00727,129.13972
1.8415,3.7555,0.00236,0.03897,183.38373
4.6545,3.7845,0.00098,0.04152,278.40725
4.6545,3.6685,0.00099,0.03869,275.04158
1.6965,3.6395,0.00243,0.0245,350.19931
1.8705,3.7555,0.00236,0.03931,184.68376
0.7395,3.6685,0.00171,0.0302,123.68481
4.5385,3.6685,0.00099,0.01825,302.6277
0.9135,3.7845,0.00178,0.05494,273.72597
3.6685,3.6975,0.00133,0.10627,272.76144
2.5955,3.7265,0.00246,0.0164,332.02824
1.6965,3.8715,0.00229,0.043,189.20605
1.8415,3.8715,0.00231,0.04458,191.76619
2.7405,3.7265,0.00228,0.04154,85.53993
1.1745,3.6685,0.00212,0.07128,279.46364
4.0455,3.6975,0.00099,0.04642,207.71887
2.0155,3.8715,0.00232,0.04834,197.28049
3.9875,3.6975,0.00099,0.04688,189.13082
1.0585,3.7845,0.00216,0.14757,279.02188
1.0585,3.6685,0.002,0.09711,273.69594
2.8855,3.8425,0.00212,0.04647,62.27706
3.0595,3.8425,0.00203,0.03892,30.5245
0.0435,3.6975,0.00161,0.04716,270.46166
0.1885,3.8135,0.00163,0.01792,80.13282
3.0885,3.7265,0.00205,0.02528,178.48124
3.0305,3.7265,0.00205,0.02903,20.29503
2.1895,3.6395,0.00249,0.04218,210.99171
2.3635,3.8715,0.00238,0.04293,209.45518
2.3345,3.7555,0.00246,0.04218,216.04135
2.3055,3.8715,0.00237,0.04622,207.99008
0.5075,3.6975,0.00166,0.02778,115.64249
0.4785,3.6975,0.00165,0.02692,115.64177
3.2915,3.7265,0.00196,0.00889,22.49587
3.3785,3.8425,0.00183,0.05183,80.236
1.4065,3.9005,0.00223,0.04138,189.28933
1.4935,3.6685,0.00231,0.05514,184.91033
3.2335,3.7265,0.00202,0.01998,134.0874
1.4935,3.9005,0.00224,0.04161,184.06502
0.4785,3.8135,0.00165,0.00155,19.95159
4.3645,3.8135,0.00098,0.02799,182.39532
2.7115,3.7555,0.00233,0.03206,274.1671
1.8415,3.7845,0.00235,0.04119,186.03449
2.7985,3.7555,0.0022,0.04672,75.91617
1.7545,3.9005,0.00229,0.04266,189.86638
3.7555,3.8425,0.00141,0.09026,70.48708
3.6105,3.8425,0.00159,0.06341,75.55398
3.6395,3.8425,0.00157,0.06417,71.27421
2.8275,3.7555,0.00216,0.04821,70.90737
4.5675,3.6975,0.00099,0.02263,293.49453
4.5675,3.8135,0.00098,0.02823,298.4987
3.6395,3.7265,0.00141,0.10457,271.91262
1.8705,3.9005,0.00231,0.04485,193.98667
0.7395,3.8135,0.00171,0.0064,43.29113
1.9285,3.9005,0.00231,0.04626,195.6766
2.0735,4.0165,0.00234,0.04085,190.67997
2.1895,4.1325,0.00235,0.05053,273.06285
1.2615,3.9295,0.00219,0.03752,358.48815
1.2325,3.9295,0.00219,0.03696,357.82898
4.0165,3.9585,0.00097,0.01918,184.93481
4.1325,4.0745,0.00096,0.05354,307.68539
0.1595,3.9585,0.0016,0.05865,276.92386
0.2465,3.9585,0.00161,0.06186,277.6179
1.0585,3.9295,0.00216,0.03818,324.0995
0.0725,3.9585,0.0016,0.0587,275.46486
3.0015,4.1035,0.00217,0.05498,59.95135
3.1175,4.1035,0.00209,0.06743,51.19423
2.5375,4.0165,0.00235,0.02761,181.72251
0.3335,3.9585,0.00162,0.05958,279.42754
2.3635,3.9005,0.00237,0.04342,207.19063
1.4355,4.1615,0.00178,0.14738,42.17013
2.2475,3.9005,0.00235,0.04883,204.43424
1.5225,4.0455,0.00208,0.06705,86.72537
1.4065,4.0455,0.00207,0.04637,270.24712
3.4365,3.9875,0.00191,0.03602,26.70731
4.1615,4.0745,0.00096,0.05717,308.28106
1.3485,3.9295,0.0022,0.03893,181.23641
0.4205,3.9585,0.00164,0.05392,282.97948
0.5075,3.9585,0.00165,0.05042,286.77435
0.5945,4.0745,0.00165,0.0985,285.36531
2.5955,3.9005,0.00236,0.0222,191.74513
4.6835,4.0745,0.00097,0.0861,285.26621
0.7685,4.0745,0.00169,0.08999,288.1893
0.7395,4.0745,0.00168,0.09172,288.41322
1.7255,4.1615,0.00191,0.14829,65.7009
0.7105,4.0745,0.00168,0.09372,288.17204
1.8125,3.9295,0.0023,0.04162,191.15333
1.8125,4.1615,0.00219,0.10843,87.48405
3.5235,3.9875,0.00173,0.04691,47.40176
2.7405,4.1325,0.00235,0.05289,86.95476
0.8845,3.9585,0.0018,0.08856,284.94642
4.6255,3.9585,0.00098,0.05081,289.31931
2.7115,4.1325,0.00236,0.05336,87.5403
3.0015,3.9005,0.00206,0.04859,46.01737
4.0165,4.1035,0.00096,0.051,295.41939
2.0735,4.0455,0.00234,0.03414,180.31887
1.0585,4.0745,0.00191,0.07766,78.34426
1.0295,4.0745,0.00189,0.08554,81.00126
2.0155,3.9295,0.00232,0.04834,197.86523
1.2035,3.9585,0.00216,0.03451,346.42678
2.2185,3.9295,0.00234,0.04935,201.79279
3.0595,3.9005,0.00203,0.04638,37.41344
3.0595,4.0165,0.00207,0.05423,46.38224
2.9145,4.0165,0.00217,0.03796,62.30754
0.9715,3.9585,0.00194,0.10553,285.85367
3.8715,3.9875,0.00107,0.04558,86.86828
3.2335,4.1325,0.00205,0.08362,50.97528
2.3635,3.9295,0.00236,0.04348,204.57265
3.4365,4.0165,0.0019,0.04279,34.76714
1.3775,4.0745,0.002,0.0607,69.03297
1.3485,3.9585,0.00218,0.03659,345.8726
4.2775,4.1035,0.00096,0.0778,303.73092
2.4215,4.1615,0.00233,0.09332,77.10294
4.1615,4.1035,0.00096,0.06682,300.9564
3.3205,4.1325,0.00199,0.08696,51.53673
1.4935,3.9585,0.00219,0.04713,324.56973
3.4075,4.1325,0.00192,0.08843,58.55846
4.3355,3.9875,0.00097,0.04986,325.01269
4.4225,3.9875,0.00097,0.04965,317.71855
1.8705,3.9585,0.00231,0.04198,195.19167
3.5235,4.0165,0.00169,0.05844,58.06944
4.5675,3.9875,0.00097,0.05057,299.45959
3.6975,4.0165,0.00128,0.06301,83.71303
3.6975,4.1325,0.00109,0.07018,296.105
2.5955,4.1615,0.00234,0.0939,76.97017
2.8275,4.0455,0.00225,0.02503,84.08444
1.8995,4.0745,0.00233,0.02733,339.23045
0.9425,3.9875,0.00186,0.1101,282.36117
0.6525,4.1035,0.00165,0.10998,286.22019
0.8265,3.9875,0.00175,0.06535,285.75031
2.5665,4.0455,0.00235,0.02432,341.19252
1.7835,4.0745,0.0022,0.06877,89.26676
1.9575,4.0745,0.00234,0.0281,338.6302
1.2325,4.1035,0.0019,0.08345,57.96114
1.9285,4.0745,0.00233,0.02751,339.02229
3.0015,4.1615,0.00225,0.08957,70.86512
3.0595,4.0455,0.00209,0.05595,48.74664
3.0885,3.9295,0.00203,0.04748,35.96971
3.1175,4.0455,0.00206,0.05995,44.81077
0.1885,4.0165,0.00159,0.0908,275.77087
2.0735,4.0745,0.00235,0.02842,335.09393
1.1745,3.9875,0.00212,0.03178,328.74562
4.0165,3.9005,0.00098,0.02199,200.89157
2.9145,4.0455,0.00219,0.03753,64.32927
0.0435,4.1325,0.00152,0.14831,79.71139
0.3335,4.1325,0.00156,0.16333,88.78612
0.4495,4.0165,0.00163,0.07799,281.52316
1.4935,3.9875,0.00216,0.05077,304.04063
3.3785,3.9295,0.00195,0.02592,8.43021
0.5655,4.0165,0.00165,0.07328,286.39969
3.3205,4.0455,0.00197,0.05624,36.31572
3.2915,4.0455,0.00198,0.05771,36.8004
3.2625,4.0455,0.00199,0.05885,37.55731
0.6235,4.0165,0.00167,0.07204,288.14825
4.1615,4.0165,0.00096,0.04379,325.17411
2.5085,3.9585,0.00235,0.03253,198.90275
3.4655,3.9295,0.00187,0.02592,20.53276
3.4945,4.1615,0.00169,0.12094,81.94828
0.7685,4.0165,0.00171,0.06888,288.91633
2.8565,3.9585,0.00219,0.03207,69.92073
3.5525,4.1615,0.00118,0.11278,274.59742
2.6535,3.9585,0.00233,0.01826,354.21761
1.7545,4.1035,0.00211,0.11319,78.49352
0.6525,4.0165,0.00168,0.07131,288.74745
1.7255,4.1035,0.00204,0.13222,74.78973
4.5965,4.1325,0.00096,0.08866,295.24412
0.7685,4.1325,0.00167,0.11549,287.0637
2.5665,4.0745,0.00236,0.02598,308.82857
3.6975,4.0455,0.00122,0.06279,277.09899
0.8265,4.0165,0.00174,0.07243,286.18553
2.7115,3.9585,0.00231,0.01485,320.79201
0.1885,3.9295,0.00161,0.04835,276.05491
0.1595,4.1615,0.0015,0.19311,69.71829
1.9575,4.1035,0.00234,0.03253,308.14535
4.0745,4.0455,0.00096,0.03746,316.18988
0.2755,3.9295,0.00162,0.04833,277.64557
1.9285,4.1035,0.00233,0.03236,309.92344
0.0725,3.9295,0.00161,0.05322,274.40779
1.0875,4.0165,0.00205,0.03543,301.11907
0.1885,4.0455,0.00158,0.10796,273.84514
1.1165,4.0165,0.00207,0.03355,303.7469
4.1325,4.0455,0.00096,0.04562,316.49202
4.1325,4.1615,0.00095,0.10714,284.79501
2.0155,4.1035,0.00234,0.03276,304.42745
4.3065,4.1615,0.00095,0.11678,289.29607
0.3335,4.0455,0.0016,0.10596,275.96401
0.6235,3.9295,0.00168,0.03798,289.58481
0.4785,3.9295,0.00165,0.03973,286.52382
2.3925,3.9875,0.00235,0.03924,196.23217
1.2905,4.0165,0.0021,0.03363,302.50386
2.4505,3.9875,0.00235,0.03576,195.24107
1.5515,4.0165,0.00211,0.07337,282.65924
2.2765,3.9875,0.00234,0.04445,196.38809
2.5085,4.1035,0.00237,0.03572,282.87679
0.4205,4.1615,0.00158,0.16039,275.41307
2.3925,4.1035,0.00237,0.03426,285.38714
3.2915,3.9585,0.00198,0.03708,17.59925
2.7695,3.9875,0.00228,0.01726,284.97847
1.7255,4.1325,0.00198,0.14242,68.33455
1.6675,4.0165,0.00211,0.09366,280.0909
1.7545,4.1325,0.00206,0.12819,74.05338
1.8125,4.1325,0.00222,0.08262,87.71078
3.6975,4.0745,0.00116,0.06409,287.23616
4.7415,4.1615,0.00096,0.1261,270.61797
0.7395,4.1615,0.00163,0.14516,285.52411
2.7115,3.9875,0.00231,0.01535,322.22653
2.8275,4.1035,0.00229,0.03804,84.37333
1.7835,4.1325,0.00215,0.11072,80.47047
1.8415,4.0165,0.00231,0.03166,182.71598
0.7685,4.1615,0.00164,0.14199,285.51029
